assembly_id,plug_obj,socket_obj,plug_vertex_count,plug_face_count,plug_bbox_min_x,plug_bbox_min_y,plug_bbox_min_z,plug_bbox_max_x,plug_bbox_max_y,plug_bbox_max_z,plug_bbox_x,plug_bbox_y,plug_bbox_z,plug_xy_bbox_min,plug_xy_bbox_max,plug_xy_bbox_diag,plug_xy_bbox_area,plug_xy_bbox_equiv_diameter,plug_xy_radius_mean_from_centroid,plug_xy_radius_p95_from_centroid,plug_xy_radius_max_from_centroid,socket_vertex_count,socket_face_count,socket_bbox_min_x,socket_bbox_min_y,socket_bbox_min_z,socket_bbox_max_x,socket_bbox_max_y,socket_bbox_max_z,socket_bbox_x,socket_bbox_y,socket_bbox_z,socket_xy_bbox_min,socket_xy_bbox_max,socket_xy_bbox_diag,socket_xy_bbox_area,socket_xy_bbox_equiv_diameter,socket_xy_radius_mean_from_centroid,socket_xy_radius_p95_from_centroid,socket_xy_radius_max_from_centroid,xy_bbox_max_clearance_proxy,xy_bbox_min_clearance_proxy,xy_bbox_equiv_diameter_clearance_proxy,xy_radius_p95_radial_clearance_proxy,xy_radius_p95_diametral_clearance_proxy,plug_to_socket_surface_dist_min,plug_to_socket_surface_dist_p01,plug_to_socket_surface_dist_p05,plug_to_socket_surface_dist_median,plug_to_socket_surface_dist_mean,plug_to_socket_surface_dist_max,plug_to_socket_signed_dist_min,plug_to_socket_signed_dist_p01,plug_to_socket_signed_dist_p05,plug_to_socket_signed_dist_median,plug_to_socket_signed_dist_mean,plug_to_socket_signed_dist_max,plug_to_socket_signed_dist_positive_fraction,plug_to_socket_distance_sample_count
00004,/home/gpuserver/hx/github/SRSA_restore/data/mesh/00004/plug.obj,/home/gpuserver/hx/github/SRSA_restore/data/mesh/00004/socket.obj,2754,5504,-0.003415,-0.003472,0.006191,0.003492,0.003472,0.081617,0.006907,0.006944,0.07542599999999999,0.006907,0.006944,0.0097941709705314,4.7962207999999995e-05,0.007814562040089847,0.0030426887197822286,0.003712703919120543,0.0037750906086438953,10426,20888,-0.036231,-0.036233,-6e-06,0.036232,0.03623,0.022292,0.072463,0.072463,0.022298,0.072463,0.072463,0.10247815737024159,0.005250886369,0.08176573958524212,0.03347608313716736,0.03617387454737766,0.036274413593565695,0.065519,0.065556,0.07395117754515228,0.03246117062825712,0.06492234125651423,4.900000000000043e-05,4.900000000000043e-05,0.0002572747578931487,0.022196514968569662,0.023597323731269097,0.05945649785583709,-0.05945649785583709,-0.05940494477280444,-0.056989207303458994,-0.022196514968569662,-0.023597323731269097,-4.900000000000043e-05,0.0,1024
00007,/home/gpuserver/hx/github/SRSA_restore/data/mesh/00007/plug.obj,/home/gpuserver/hx/github/SRSA_restore/data/mesh/00007/socket.obj,557,1114,-0.012674,-0.012734,0.0201,0.012864,0.012734,0.039898,0.025537999999999998,0.025468,0.019798000000000003,0.025468,0.025537999999999998,0.03606672244604436,0.000650401784,0.028777026798387246,0.01205604980566103,0.012770093081236084,0.012770738461178691,4338,8672,-0.010542,-0.010575,3e-06,0.010668,0.010575,0.040724,0.02121,0.02115,0.040721,0.02115,0.02121,0.029953073298077445,0.0004485915,0.023899046785009308,0.00922503100680199,0.010947998626173695,0.011490354403221974,-0.0043279999999999985,-0.004318000000000002,-0.004877980013377938,-0.0018220944550623886,-0.0036441889101247772,0.0009761639953753768,0.0010830878676819557,0.0014315572648013163,0.002786869396907112,0.0025183086962186772,0.004824331179875411,-0.004824331179875411,-0.0042134811242091315,-0.0035648367502955297,-0.002786869396907112,-0.0025183086962186772,-0.0009761639953753768,0.0,1024
00014,/home/gpuserver/hx/github/SRSA_restore/data/mesh/00014/plug.obj,/home/gpuserver/hx/github/SRSA_restore/data/mesh/00014/socket.obj,2242,1190,-0.006217,-0.00238,0.013589,0.006193,0.00238,0.058927,0.012410000000000001,0.00476,0.045338,0.00476,0.012410000000000001,0.013291564994386478,5.9071600000000005e-05,0.008672502354613554,0.0031643540834287833,0.0058219121574281385,0.006205191793041925,4824,2006,-0.009894,-0.009898,-2.1e-05,0.009894,0.009898,0.023307,0.019788,0.019796,0.023328,0.019788,0.019796,0.027990115398118673,0.000391723248,0.022332880019059326,0.005337867008441472,0.009893192086724583,0.009926245860281733,0.007386,0.015028,0.013660377664445772,0.004071279929296444,0.008142559858592888,0.0,3.884357001112016e-05,0.00013747091630604747,0.013125171921637185,0.013800891650145617,0.035431841271649375,-0.035431841271649375,-0.034695506183344285,-0.032836423029337584,-0.013125171921637185,-0.013800620882109687,5.8192154898272175e-05,0.008116883116883116,616
00015,/home/gpuserver/hx/github/SRSA_restore/data/mesh/00015/plug.obj,/home/gpuserver/hx/github/SRSA_restore/data/mesh/00015/socket.obj,3234,6464,-0.005916,-0.005123,-4.9e-05,0.005916,0.005123,0.043074,0.011832,0.010246,0.043123,0.010246,0.011832,0.0156517328114174,0.000121230672,0.012423996362894584,0.003962749640545488,0.00554912778338586,0.005916516245080902,5312,10624,-0.012607,-0.012607,1e-06,0.012607,0.012607,0.025384,0.025214,0.025214,0.025383,0.025214,0.025214,0.03565798076167522,0.000635745796,0.028450952319146253,0.010017158584776057,0.012895091884254415,0.012918163383696698,0.013382,0.014968,0.01602695595625167,0.007345964100868556,0.014691928201737111,0.0004824428375632352,0.0004965624214691364,0.0005136608387692561,0.004338971894789136,0.007040254176503635,0.018597900529162038,-0.018597900529162038,-0.018310063754199166,-0.0178775030163779,-0.004338971894789136,-0.006882181721487848,0.0024045844258024363,0.1103515625,1024
00016,/home/gpuserver/hx/github/SRSA_restore/data/mesh/00016/plug.obj,/home/gpuserver/hx/github/SRSA_restore/data/mesh/00016/socket.obj,5698,11392,-0.004046,-0.004046,0.0,0.004046,0.004046,0.05158,0.008092,0.008092,0.05158,0.008092,0.008092,0.011443816146723086,6.5480464e-05,0.009130844220136889,0.0033260915750291846,0.0040277287133848,0.0040515501201724225,2620,5264,-0.010079,-0.010114,0.0,0.010079,0.010114,0.020227,0.020158,0.020228,0.020227,0.020158,0.020228,0.02855725736130835,0.00040775602399999996,0.022785326294806053,0.008227759144631882,0.010113831937575812,0.010114578191617924,0.012136,0.012065999999999999,0.013654482074669164,0.006086103224191012,0.012172206448382024,0.00044465899617195575,0.00046684684061466656,0.00048254223453891295,0.004649358727761926,0.009659011463405944,0.03160468795703543,-0.03160468795703543,-0.031460865503516164,-0.028950033937182075,-0.004649358727761926,-0.009072398122464983,0.003992163999160463,0.15625,1024
00021,/home/gpuserver/hx/github/SRSA_restore/data/mesh/00021/plug.obj,/home/gpuserver/hx/github/SRSA_restore/data/mesh/00021/socket.obj,5888,11776,-0.004031,-0.004042,0.0,0.007996,0.004028,0.043572,0.012027,0.00807,0.043572,0.00807,0.012027,0.014483564098660246,9.705789000000001e-05,0.011116561684106985,0.0035491125222393088,0.0065372865538265,0.0067448410916640614,2336,4672,-0.024473,-0.02425,0.0,0.024273,0.024497,0.008104,0.048746,0.048747,0.008104,0.048746,0.048747,0.06893796142184652,0.002376221262,0.055004535065927916,0.014290089648065829,0.02426500243957322,0.02458069290131857,0.03672,0.040676,0.04388797338182093,0.017727715885746717,0.035455431771493434,0.0004223710718166708,0.000456895548808003,0.0005322704141133126,0.012394453279038598,0.014518566264486187,0.035662015008098735,-0.035662015008098735,-0.03555248966788908,-0.03473332604679381,-0.012394453279038598,-0.01449997907248713,0.0007049146582127728,0.0166015625,1024
00028,/home/gpuserver/hx/github/SRSA_restore/data/mesh/00028/plug.obj,/home/gpuserver/hx/github/SRSA_restore/data/mesh/00028/socket.obj,7426,14848,-0.006556,-0.004787,9e-06,0.006556,0.006452,0.06002,0.013112,0.011238999999999999,0.060010999999999995,0.011238999999999999,0.013112,0.017269616816826018,0.000147365768,0.013697880250530285,0.005051175994085516,0.006607481483406908,0.006927331273607691,2736,5472,-0.020477,-0.020568,0.0,0.020416,0.020354,0.023708,0.040893,0.040922,0.023708,0.040893,0.040922,0.057851944937054624,0.001673423346,0.046159167878225806,0.014268300226289679,0.02041745712775788,0.020477685728347756,0.02781,0.029654,0.03246128762769552,0.013809975644350972,0.027619951288701945,0.0002542563174378342,0.00027649331826213577,0.0002991283164942755,0.008811508741086353,0.012293086294440474,0.03661800460857411,-0.03661800460857411,-0.036391493204163725,-0.034619811249261015,-0.008811508741086353,-0.012293086294440474,-0.0002542563174378342,0.0,1024
00030,/home/gpuserver/hx/github/SRSA_restore/data/mesh/00030/plug.obj,/home/gpuserver/hx/github/SRSA_restore/data/mesh/00030/socket.obj,2370,4736,-0.003232,-0.003305,0.0,0.003329,0.003305,0.053452,0.006561,0.00661,0.053452,0.006561,0.00661,0.009313367865600499,4.336821e-05,0.007430889580418951,0.0028844255197727564,0.003552609097118121,0.003618942524328728,3204,6448,-0.024728,-0.024689,0.0,0.024616,0.024616,0.020228,0.049344,0.049305,0.020228,0.049305,0.049344,0.0697553823084642,0.00243290592,0.05565673387797996,0.014925032065749083,0.024617183627406555,0.024690528421299155,0.042734,0.042744000000000004,0.04822584429756101,0.021064574530288434,0.04212914906057687,0.00033425923047489926,0.0003529473868547437,0.00036475933393515024,0.014256779829414777,0.01526146763530644,0.03771217537458268,-0.03771217537458268,-0.03714493937760538,-0.03544953942736111,-0.014256779829414777,-0.01526068980348106,0.00039824989459468163,0.0009765625,1024
00032,/home/gpuserver/hx/github/SRSA_restore/data/mesh/00032/plug.obj,/home/gpuserver/hx/github/SRSA_restore/data/mesh/00032/socket.obj,7170,14336,-0.013334,-0.002898,0.01716,0.013334,0.002503,0.037327,0.026668,0.0054009999999999996,0.020166999999999997,0.0054009999999999996,0.026668,0.027209428972325016,0.00014403386799999998,0.01354214224259827,0.005295981019951838,0.013426648069301668,0.013836070268993172,4354,8704,-0.020002,-0.008001,0.0,0.020002,0.001333,0.025335,0.040004,0.009333999999999999,0.025335,0.009333999999999999,0.040004,0.04107850498740186,0.00037339733599999993,0.02180422560179477,0.005237376457775529,0.015976850415136627,0.020728627933517676,0.013335999999999997,0.003932999999999999,0.0082620833591965,0.0025502023458349593,0.005100404691669919,3.606664285391416e-06,8.999999999998592e-06,0.0002576429731759221,0.00117,0.002951880647247094,0.012005900677870777,-0.012005900677870777,-0.011868867750114481,-0.010642799662067935,-0.00117,-0.0029375439483765482,0.0011652211007864947,0.0556640625,1024
00042,/home/gpuserver/hx/github/SRSA_restore/data/mesh/00042/plug.obj,/home/gpuserver/hx/github/SRSA_restore/data/mesh/00042/socket.obj,3074,6144,-0.004257,-0.004253,0.0,0.004242,0.004253,0.019794,0.008499,0.008506,0.019794,0.008499,0.008506,0.012024351832843215,7.2292494e-05,0.009594043055371884,0.003232272773174989,0.004256628891387305,0.0042575389272949266,3168,6336,-0.012956,-0.01292,0.0,0.012956,0.01292,0.007403,0.025912,0.02584,0.007403,0.02584,0.025912,0.036594225555406965,0.00066956608,0.029197911070302743,0.009662952342350858,0.012955579806935203,0.012956228797875852,0.017406,0.017341,0.01960386801493086,0.008698950915547898,0.017397901831095797,0.0,1.0288627653887635e-05,9.257350216229613e-05,0.0027512882060710996,0.004190889930919603,0.012713767287685206,-0.012713767287685206,-0.0125256852249741,-0.012380298756307846,-0.0027512882060710996,-0.004163774220035837,0.0004804621955386266,0.03125,1024
00062,/home/gpuserver/hx/github/SRSA_restore/data/mesh/00062/plug.obj,/home/gpuserver/hx/github/SRSA_restore/data/mesh/00062/socket.obj,5888,11776,-0.011545,-0.006305,0.025956,0.011545,0.006248,0.082446,0.02309,0.012553,0.056490000000000005,0.012553,0.02309,0.026281664882575457,0.00028984877,0.019210593847063837,0.006644041721790827,0.011013248834432719,0.013248222937385198,4322,8640,-0.012436,-0.012524,1e-06,0.012553,0.012524,0.048854,0.024988999999999997,0.025048,0.048853,0.024988999999999997,0.025048,0.0353815266064086,0.000625924472,0.028230334567055298,0.009685872065658891,0.012466277115946873,0.012554385878024408,0.0019580000000000014,0.012435999999999997,0.00901974071999146,0.0014530282815141543,0.0029060565630283086,4.3707626077632656e-05,0.00010181472081944027,0.000140672974330338,0.016396007763045554,0.015975908428051924,0.033781539831767425,-0.033781539831767425,-0.03348391384897788,-0.03220925626597792,-0.016396007763045554,-0.015972228556225227,0.00025128087689318745,0.01171875,1024
00074,/home/gpuserver/hx/github/SRSA_restore/data/mesh/00074/plug.obj,/home/gpuserver/hx/github/SRSA_restore/data/mesh/00074/socket.obj,495,724,-0.00241,-0.002419,0.066173,0.002638,0.002425,0.108372,0.005048,0.004844,0.042199,0.004844,0.005048,0.006996187533221219,2.4452512000000003e-05,0.005579776451302606,0.0023200103694297996,0.0026102914058835787,0.002747278053732448,1758,3524,-0.028834,-0.025488,6e-06,0.029102,0.040381,0.080707,0.057936,0.065869,0.080701,0.057936,0.065869,0.08772288901421339,0.003816186384,0.06970594963264388,0.019855713699454252,0.03886085164252111,0.04415757391380383,0.060821,0.053092,0.06412617318134128,0.03625056023663753,0.07250112047327506,0.00028445282440865536,0.00029755044827213696,0.00033627824630299874,0.00564987312277789,0.009104483489591074,0.027764697582927544,-0.027764697582927544,-0.027701039326434744,-0.026439620516825725,-0.00564987312277789,-0.009104483489591074,-0.00028445282440865536,0.0,704
00077,/home/gpuserver/hx/github/SRSA_restore/data/mesh/00077/plug.obj,/home/gpuserver/hx/github/SRSA_restore/data/mesh/00077/socket.obj,2592,5184,-0.010057,-0.010031,0.034654,0.010057,0.010031,0.045,0.020114,0.020062,0.010346000000000001,0.020062,0.020114,0.02840874583644973,0.000403527068,0.022666861722537485,0.009502934630963444,0.01011810881192324,0.010149530449694237,6562,13120,-0.019971,-0.020556,0.0,0.019973,0.023127,0.045011,0.039944,0.043683,0.045011,0.039944,0.043683,0.05919229362847836,0.001744873752,0.04713430026654491,0.01446431474822787,0.023122974577367866,0.023894952601552503,0.023569,0.019882,0.024467438544007424,0.013004865765444627,0.026009731530889254,2.9999999999995308e-05,2.9999999999995308e-05,0.00013087234000840807,0.0010575515972774219,0.0012925173085045598,0.0020284238236994647,-0.0020284238236994647,-0.0020191615419645377,-0.002005808324542452,-0.0010197245524976176,-0.0011821230428961831,0.002012406674004024,0.04296875,1024
00078,/home/gpuserver/hx/github/SRSA_restore/data/mesh/00078/plug.obj,/home/gpuserver/hx/github/SRSA_restore/data/mesh/00078/socket.obj,4224,8448,-0.003727,-0.003773,0.007945,0.003784,0.003771,0.066589,0.007511,0.007544,0.058643999999999995,0.007511,0.007544,0.01064551816493683,5.6662984000000006e-05,0.008493853775024374,0.003174527460600764,0.003773075591434314,0.0037813682433457158,2366,4736,-0.008577,-0.021973,1e-06,0.013308,0.021973,0.041318,0.021885,0.043946,0.041317,0.021885,0.043946,0.04909382996874454,0.0009617582100000001,0.03499355062644694,0.009801418075816398,0.023212332862125224,0.02420544526545284,0.036402,0.014374000000000001,0.026499696851422568,0.01943925727069091,0.03887851454138182,3.400000000000104e-05,0.0003125636618490175,0.0005070569819078427,0.0029912282840307775,0.006608341036199408,0.025499841780931735,-0.025499841780931735,-0.025357114396329088,-0.023981211722061437,-0.0029912282840307775,-0.006564302695996846,0.0026915945246267724,0.0224609375,1024
00081,/home/gpuserver/hx/github/SRSA_restore/data/mesh/00081/plug.obj,/home/gpuserver/hx/github/SRSA_restore/data/mesh/00081/socket.obj,2704,5408,-0.017476,-0.017772,0.021065,0.017821,0.01755,0.039418,0.035296999999999995,0.035322,0.018353,0.035296999999999995,0.035322,0.049935176909669594,0.0012467606339999998,0.039842501703932734,0.014686578672984486,0.017619488553009596,0.017677536641201377,2848,5696,-0.023808,-0.023914,0.0,0.023918,0.023852,0.03884,0.047726,0.047766,0.03884,0.047726,0.047766,0.06752304667296938,0.002279680116,0.05387558698555073,0.015410421130789857,0.023748314310621233,0.024243024668723422,0.012444000000000004,0.012429000000000003,0.014033085281617994,0.0061288257576116376,0.012257651515223275,0.00015000000000000083,0.00015000000000000083,0.0005013407280284892,0.0024869942727432414,0.0031497507382635607,0.006000500194670752,-0.006000500194670752,-0.0058329551264468225,-0.00577375382819806,-0.0024774697046872477,-0.003074558663547479,0.0025570151144602223,0.0234375,1024
00083,/home/gpuserver/hx/github/SRSA_restore/data/mesh/00083/plug.obj,/home/gpuserver/hx/github/SRSA_restore/data/mesh/00083/socket.obj,4080,8160,-0.004706,-0.004852,0.006969,0.004699,0.004873,0.041368,0.009405,0.009725000000000001,0.034399,0.009405,0.009725000000000001,0.013528845109616713,9.146362500000001e-05,0.010791436616819267,0.0036447899626184397,0.004712813749198762,0.005337683148286308,2354,4704,-0.012408,-0.012408,0.0,0.012408,0.012407,0.016693,0.024816,0.024815,0.016693,0.024815,0.024816,0.03509441666419318,0.00061580904,0.02800129321537485,0.010081878821538163,0.016676183058396705,0.017133872844987068,0.015091,0.01541,0.017209856598555583,0.011963369309197943,0.023926738618395886,0.00012500000326806583,0.0001602965567440808,0.0003984339150376943,0.005927616592426705,0.008895347395901271,0.024792733526468796,-0.024792733526468796,-0.024727003560953142,-0.024593583627805244,-0.005927616592426705,-0.00880287741811564,0.0026244214328422534,0.0380859375,1024
00103,/home/gpuserver/hx/github/SRSA_restore/data/mesh/00103/plug.obj,/home/gpuserver/hx/github/SRSA_restore/data/mesh/00103/socket.obj,2850,5696,-0.005395,-0.005306,2.8e-05,0.005381,0.005306,0.08292,0.010776,0.010612,0.082892,0.010612,0.010776,0.015124044432624497,0.00011435491200000001,0.012066532065722512,0.003661177566998662,0.005424456129434629,0.005614442264951765,6571,13056,-0.040204,-0.004965,6e-06,0.040202,0.062593,0.006638,0.080406,0.06755799999999999,0.006632,0.06755799999999999,0.080406,0.1050200371357771,0.0054320685479999995,0.08316444243200165,0.03311908374122685,0.04380583422149164,0.04600800125377999,0.06963,0.056946,0.07109791036627913,0.03838137809205701,0.07676275618411402,0.0005881400503637571,0.0005924197355060928,0.0010660519278241107,0.035146505956462966,0.0353145787813964,0.07632105125490658,-0.07632105125490658,-0.07554039020314006,-0.06961058810739179,-0.035146505956462966,-0.03530860327981055,0.0006250098323157359,0.0048828125,1024
00110,/home/gpuserver/hx/github/SRSA_restore/data/mesh/00110/plug.obj,/home/gpuserver/hx/github/SRSA_restore/data/mesh/00110/socket.obj,5762,11520,-0.0038,-0.003898,2.2e-05,0.0038,0.003898,0.075879,0.0076,0.007796,0.07585700000000001,0.0076,0.007796,0.010887498151549786,5.92496e-05,0.008685558918673024,0.0029489968401832664,0.0038550722257316965,0.003898000000036352,3504,7008,-0.058753,-0.014933,5e-06,0.021971,0.014929,0.029925,0.080724,0.029862,0.02992,0.029862,0.080724,0.0860703387933381,0.002410580088,0.05540077520931245,0.018545230677266347,0.0564592680472969,0.057129419040885386,0.072928,0.022262,0.046715216290639426,0.052604195821565204,0.10520839164313041,0.00021987632369393332,0.0002667172289268975,0.0003137881553164728,0.014054436652089074,0.017099020122722748,0.04604839733675095,-0.04604839733675095,-0.04595771168519368,-0.04421900298528067,-0.014054436652089074,-0.01708179211273061,0.0006124510127523015,0.0185546875,1024
00117,/home/gpuserver/hx/github/SRSA_restore/data/mesh/00117/plug.obj,/home/gpuserver/hx/github/SRSA_restore/data/mesh/00117/socket.obj,8207,7120,-0.018595,-0.018644,-0.0,0.018586,0.018536,0.088991,0.037181,0.037180000000000005,0.088991,0.037180000000000005,0.037181,0.052581167360567414,0.0013823895800000002,0.041953701618401125,0.011343714409412424,0.018629559373520316,0.018728817873615255,8677,9422,-0.021097,-0.021097,0.0,0.021097,0.021097,0.051784,0.042194,0.042194,0.051784,0.042194,0.042194,0.05967132705077038,0.001780333636,0.04761083057642806,0.023627285893614926,0.02785474111562509,0.028382568217398294,0.0050130000000000036,0.005013999999999998,0.005657128958026933,0.009225181742104776,0.018450363484209552,0.0004813538409135444,0.000563649425044273,0.0006713337170026873,0.008442414143729912,0.01078096527054976,0.041673414617297774,-0.041673414617297774,-0.039564090930638736,-0.03060325555003715,-0.008442414143729912,-0.01078096527054976,-0.0004813538409135444,0.0,1024
00133,/home/gpuserver/hx/github/SRSA_restore/data/mesh/00133/plug.obj,/home/gpuserver/hx/github/SRSA_restore/data/mesh/00133/socket.obj,7298,14592,-0.005114,-0.004429,0.0,0.005114,0.004429,0.043713,0.010228,0.008858,0.043713,0.008858,0.010228,0.013530563476810564,9.059962399999999e-05,0.010740345618970411,0.003203023791491132,0.004541397340437802,0.0051774499409609695,2063,4134,-0.012878,-0.012932,0.0,0.012881,0.012842,0.024702,0.025759,0.025774,0.024702,0.025759,0.025774,0.03643933529854791,0.000663912466,0.029074380577302748,0.010099373531552984,0.013873679919238767,0.014411504203605612,0.015545999999999999,0.016901,0.018334034958332336,0.009332282578800965,0.01866456515760193,0.0004049811533028346,0.0004364780761749928,0.0005208713607589246,0.006712441687341095,0.00893484154158997,0.021400289289503292,-0.021400289289503292,-0.020876755711347072,-0.02009085583934125,-0.006705622230815252,-0.008632753175118024,0.006782828545921146,0.05078125,1024
00138,/home/gpuserver/hx/github/SRSA_restore/data/mesh/00138/plug.obj,/home/gpuserver/hx/github/SRSA_restore/data/mesh/00138/socket.obj,6274,12544,-0.004012,-0.004035,2e-06,0.003981,0.003973,0.033854,0.007993,0.008008000000000001,0.033852,0.007993,0.008008000000000001,0.01131442057729869,6.400794400000001e-05,0.009027593559636688,0.0037552284239329705,0.004170885386583261,0.004203722482293677,3644,7296,-0.017125,-0.006433,1e-06,0.017125,0.072772,0.012845,0.03425,0.079205,0.012844000000000001,0.03425,0.079205,0.08629307344740944,0.00271277125,0.05877080594411343,0.032657500597015304,0.0489171335987669,0.050824624588364564,0.071197,0.026257000000000003,0.04974321238447674,0.044746248212183634,0.08949249642436727,0.00016934450164575015,0.00019400258982501408,0.00021243323981743494,0.005713700096223732,0.008246476805945317,0.02347323683597466,-0.02347323683597466,-0.023270096149374274,-0.0231528137493473,-0.005713700096223732,-0.008232541763788785,0.000314380178171611,0.0283203125,1024
00141,/home/gpuserver/hx/github/SRSA_restore/data/mesh/00141/plug.obj,/home/gpuserver/hx/github/SRSA_restore/data/mesh/00141/socket.obj,2434,4864,-0.003303,-0.003303,0.0,0.003303,0.003303,0.042939,0.006606,0.006606,0.042939,0.006606,0.006606,0.009342294793036665,4.3639236e-05,0.007454072777832956,0.0029133912727696797,0.0033025845939203434,0.003303,6040,12080,-0.005706,-0.005648,0.0,0.005706,0.005648,0.029246,0.011412,0.011296,0.029246,0.011296,0.011412,0.016057190289711337,0.000128909952,0.012811449902189513,0.004802122352543457,0.005693546961253592,0.005706848692579821,0.004806,0.004690000000000001,0.005357377124356557,0.002390962367333249,0.004781924734666498,7.261090175414714e-05,0.0004442605924357403,0.0004582132380206831,0.0005013247146960645,0.0028873125040169783,0.01373131606610687,-0.01373131606610687,-0.013697450354656271,-0.013002071368137686,-0.0004864442467094591,-0.002452386632069481,0.01166805020427984,0.3486328125,1024
00143,/home/gpuserver/hx/github/SRSA_restore/data/mesh/00143/plug.obj,/home/gpuserver/hx/github/SRSA_restore/data/mesh/00143/socket.obj,3776,7552,-0.013712,-0.009907,0.004085,0.005898,0.009761,0.06802,0.01961,0.019667999999999998,0.06393499999999999,0.01961,0.019667999999999998,0.0277737704318301,0.00038568947999999997,0.022160214302310834,0.005146682365087492,0.010563276621927459,0.011211252936188626,2498,4992,-0.013327,-0.013398,3e-06,0.013213,0.013398,0.011255,0.02654,0.026796,0.011252,0.02654,0.026796,0.037714681703548816,0.00071116584,0.030091269005357676,0.009008847490720992,0.014316141635822868,0.014503967988473561,0.007128000000000002,0.006930000000000002,0.007931054703046843,0.0037528650138954085,0.007505730027790817,8.100000000000121e-05,8.100000000000121e-05,8.100000000000121e-05,0.013131389665367537,0.017213847311898234,0.05676500000068506,-0.05676500000068506,-0.0562758356094348,-0.04962019200910033,-0.013131389665367537,-0.017213074245195654,0.000395810151720225,0.0009765625,1024
00163,/home/gpuserver/hx/github/SRSA_restore/data/mesh/00163/plug.obj,/home/gpuserver/hx/github/SRSA_restore/data/mesh/00163/socket.obj,5442,10880,-0.003829,-0.003868,1.2e-05,0.003852,0.003825,0.035035,0.007681,0.007693,0.035023,0.007681,0.007693,0.01087106296550618,5.9089933e-05,0.008673848015232414,0.0035450490074781077,0.004104477498780479,0.004127125148737624,6910,13824,-0.008379,-0.074781,-8e-06,0.008379,0.008413,0.008993,0.016758,0.083194,0.009000999999999999,0.016758,0.083194,0.08486502341954547,0.001394165052,0.0421320077387033,0.0274703548341803,0.03912965134653943,0.041824210464416686,0.075501,0.009076999999999998,0.03345815972347088,0.03502517384775895,0.0700503476955179,0.00044898345357531963,0.00045631128251308773,0.0004672415257209374,0.008659860735124633,0.010199677295284884,0.026351475553943706,-0.026351475553943706,-0.026180718364902267,-0.025790397172522964,-0.008659860735124633,-0.010173896923986146,0.0005381546961554921,0.0263671875,1024
00175,/home/gpuserver/hx/github/SRSA_restore/data/mesh/00175/plug.obj,/home/gpuserver/hx/github/SRSA_restore/data/mesh/00175/socket.obj,4874,9760,-0.003988,-0.002817,0.00028,0.003881,0.002804,0.06121,0.007869000000000001,0.005621,0.06093,0.005621,0.007869000000000001,0.009670408574615657,4.4231649000000006e-05,0.007504497627133047,0.003053387847555656,0.004269773701904749,0.004838661917691042,461,962,-0.003849,-0.003825,1e-06,0.003865,0.003891,0.040037,0.007714,0.007716,0.040036,0.007714,0.007716,0.010910657725361931,5.9521224e-05,0.008705445201012964,0.0035345484000506413,0.0038592889853169368,0.0038596623782299905,-0.00015300000000000123,0.0020930000000000002,0.0012009475738799175,-0.0004104847165878121,-0.0008209694331756242,0.00027185888097290025,0.00029174135392080985,0.0003182288284176048,0.0009338310812709622,0.003707331424039151,0.021183059774161482,-0.021183059774161482,-0.020705440142774142,-0.017560167689267683,-0.0009325808569776562,-0.0036836358520934507,0.0010582825419262441,0.0228310502283105,876
00186,/home/gpuserver/hx/github/SRSA_restore/data/mesh/00186/plug.obj,/home/gpuserver/hx/github/SRSA_restore/data/mesh/00186/socket.obj,3438,1422,-0.013755,-0.013788,0.000277,0.013755,0.013788,0.013491,0.02751,0.027576,0.013214,0.02751,0.027576,0.03895171210614496,0.00075861576,0.03107892509227627,0.012536990650336536,0.013854126673398208,0.013888800739769471,2562,5120,-0.008259,-0.008052,3e-06,0.008259,0.008052,0.029936,0.016518,0.016104,0.029933,0.016104,0.016518,0.023069094910724175,0.000266005872,0.01840351040867367,0.007191692885640604,0.0088567446764434,0.009005759031338299,-0.011057999999999998,-0.011406,-0.012675414683602601,-0.004997381996954809,-0.009994763993909618,0.0015935549116308343,0.0015998222273871901,0.0016417687152382905,0.004124351323034192,0.0037757624326087424,0.005738546199132386,-0.005738546199132386,-0.005726706901919915,-0.005702840835587861,-0.004124351323034192,-0.0037757624326087424,-0.0015935549116308343,0.0,1024
00187,/home/gpuserver/hx/github/SRSA_restore/data/mesh/00187/plug.obj,/home/gpuserver/hx/github/SRSA_restore/data/mesh/00187/socket.obj,2562,5120,-0.00401,-0.004113,0.0,0.00401,0.004113,0.059568,0.00802,0.008226,0.059568,0.00802,0.008226,0.011488580243006532,6.597252e-05,0.009165087087956743,0.0035745444015976516,0.004393603318545112,0.004469658784167094,2910,5824,-0.009864,-0.009929,0.0,0.033131,0.009759,0.019596,0.042995,0.019688,0.019596,0.019688,0.042995,0.04728834284472231,0.00084648556,0.03282954293070937,0.01365775335477131,0.020591045533005954,0.0217178175837582,0.034768999999999994,0.011668000000000001,0.023664455842752626,0.01619744221446084,0.03239488442892168,0.0003883848396146416,0.0004437105226004155,0.00051912038385445,0.020394184352625112,0.020842410845476687,0.04958163685930166,-0.04958163685930166,-0.04935249674353167,-0.0469248456600635,-0.020394184352625112,-0.020811069967615947,0.0006653388709205302,0.0283203125,1024
00190,/home/gpuserver/hx/github/SRSA_restore/data/mesh/00190/plug.obj,/home/gpuserver/hx/github/SRSA_restore/data/mesh/00190/socket.obj,274,556,-0.009533,-0.009533,0.058324,0.009533,0.009533,0.071035,0.019066,0.019066,0.012711,0.019066,0.019066,0.02696339578020543,0.00036351235599999996,0.02151367719984304,0.008025215326402197,0.009533218925759677,0.009533353578607016,170,344,-0.009084,-0.008999,7.7e-05,0.009084,0.009084,0.077263,0.018168,0.018083000000000002,0.077186,0.018083000000000002,0.018168,0.02563339838960102,0.00032853194400000004,0.020452380370253192,0.007339568160303895,0.010156094484869937,0.01182453725336403,-0.0008979999999999995,-0.0009829999999999978,-0.001061296829589848,0.00062287555911026,0.00124575111822052,0.000270482267650584,0.000276180470064233,0.0002960164180458057,0.0019164704457507674,0.0019535123289649687,0.004468291040729122,-0.004468291040729122,-0.0038990047567411864,-0.003545846818534776,-0.0019164704457507674,-0.0019520012317774903,0.0004250995055264201,0.001953125,1024
00192,/home/gpuserver/hx/github/SRSA_restore/data/mesh/00192/plug.obj,/home/gpuserver/hx/github/SRSA_restore/data/mesh/00192/socket.obj,2178,4352,-0.00383,-0.003889,0.026636,0.00383,0.003889,0.102164,0.00766,0.007778,0.07552800000000001,0.00766,0.007778,0.010916633363816887,5.957948e-05,0.008709704357253335,0.0034223894216096596,0.003889,0.003889273582560117,6277,10320,-0.035772,-0.035772,0.0,0.035772,0.035772,0.054392,0.071544,0.071544,0.054392,0.071544,0.071544,0.10117849510642071,0.005118543935999999,0.08072875913068135,0.032468203521302134,0.04538900217779439,0.046822568027282935,0.06376599999999999,0.063884,0.07201905477342802,0.041500002177794384,0.08300000435558877,0.00025379180419689675,0.0002669054111394432,0.0002910799806129237,0.01009897421005358,0.015682712585482976,0.04791921300531491,-0.04791921300531491,-0.04780255161114564,-0.0454845339791044,-0.01009897421005358,-0.01566829453067449,0.001288554458779839,0.0107421875,1024
00210,/home/gpuserver/hx/github/SRSA_restore/data/mesh/00210/plug.obj,/home/gpuserver/hx/github/SRSA_restore/data/mesh/00210/socket.obj,64,128,-0.003895,-0.003879,6e-06,0.003829,0.003879,0.072149,0.007724,0.007758,0.072143,0.007724,0.007758,0.010947453585195051,5.9922792e-05,0.008734762069188825,0.0035909706435312974,0.003895666094401188,0.003895676882901938,1243,2534,-0.028842,-0.086567,0.000311,0.042185,0.01111,0.047173,0.071027,0.097677,0.046862,0.071027,0.097677,0.12077098599415342,0.0069377042790000005,0.09398595340635296,0.03836940999696396,0.0556494067491913,0.05769435702377913,0.089919,0.06330300000000001,0.08525119133716413,0.05175374065479011,0.10350748130958022,0.0001839765023511741,0.0002154868050869282,0.0002706057823517157,0.005385362941577147,0.007288874588963918,0.024991347608880193,-0.024991347608880193,-0.024978462876467426,-0.021947660383483596,-0.004767927842430148,-0.006362057610073102,0.008824054089140372,0.11,800
00211,/home/gpuserver/hx/github/SRSA_restore/data/mesh/00211/plug.obj,/home/gpuserver/hx/github/SRSA_restore/data/mesh/00211/socket.obj,6658,13312,-0.003763,-0.005123,0.0,0.003656,0.00241,0.059512,0.007419,0.007533,0.059512,0.007419,0.007533,0.010572967889859498,5.5887327e-05,0.008435517458102091,0.0027747815564236897,0.003741480103030702,0.0037682793523682256,7020,14048,-0.015475,-0.006751,0.0,0.015476,0.005629,0.017593,0.030951,0.01238,0.017593,0.01238,0.030951,0.033335098634922324,0.00038317338,0.022087813379912315,0.00923916904860599,0.015602145796585339,0.01640363306933224,0.023418,0.004961,0.013652295921810224,0.011860665693554637,0.023721331387109273,0.0004117171098969124,0.00043301914881093925,0.00045671618586404824,0.011965708478772246,0.015063998143522222,0.04201237355010394,-0.04201237355010394,-0.04188721589686393,-0.038433533333868,-0.011965708478772246,-0.015014740048716974,0.0005686544949648115,0.0498046875,1024
00213,/home/gpuserver/hx/github/SRSA_restore/data/mesh/00213/plug.obj,/home/gpuserver/hx/github/SRSA_restore/data/mesh/00213/socket.obj,3889,4096,-0.002638,-0.002462,-0.0,0.002594,0.002791,0.049984,0.0052320000000000005,0.005253000000000001,0.049984,0.0052320000000000005,0.005253000000000001,0.007414029471211995,2.7483696000000005e-05,0.005915515918555171,0.0023508570377784787,0.0027235670414087515,0.0027597519381244067,2686,5376,-0.008307,-0.008155,0.0,0.008307,0.008506,0.004443,0.016614,0.016661000000000002,0.004443,0.016614,0.016661000000000002,0.02352900161502821,0.00027680585400000003,0.01877338966534781,0.005802502517214633,0.00939035217504192,0.009537161578555466,0.011408000000000001,0.011382,0.012857873746792639,0.0066667851336331685,0.013333570267266337,0.00011603608426005382,0.00013801426615967245,0.00016126861101731086,0.020014305862811766,0.020628495815486897,0.04559049267679991,-0.04559049267679991,-0.04555166799720657,-0.043818092584355595,-0.020014305862811766,-0.020622305445042767,0.00020854173058157714,0.01953125,1024
00255,/home/gpuserver/hx/github/SRSA_restore/data/mesh/00255/plug.obj,/home/gpuserver/hx/github/SRSA_restore/data/mesh/00255/socket.obj,7170,14336,-0.005056,-0.005075,0.020322,0.005082,0.005075,0.043553,0.010138,0.01015,0.023231,0.010138,0.01015,0.014345784886160812,0.00010290069999999999,0.011446276268766604,0.0041537231693077065,0.005195696324357688,0.0052302625034824505,6658,13312,-0.003128,-0.003049,0.0,0.003128,0.003049,0.0419,0.006256,0.006098,0.0419,0.006098,0.006256,0.008736311578692693,3.8149088000000004e-05,0.006969428056675933,0.0027272235576600696,0.003110161732129054,0.003128164957287263,-0.003893999999999999,-0.004039999999999999,-0.004476848212090672,-0.0020855345922286338,-0.0041710691844572675,0.0002020002734457224,0.00020234475317032935,0.00048733475352576145,0.0019397092573706408,0.0014248774425669945,0.002578034518918849,-0.002578034518918849,-0.0024728019935019254,-0.002031254434593626,-0.0019397092573706408,-0.0014248774425669945,-0.0002020002734457224,0.0,1024
00256,/home/gpuserver/hx/github/SRSA_restore/data/mesh/00256/plug.obj,/home/gpuserver/hx/github/SRSA_restore/data/mesh/00256/socket.obj,5890,11776,-0.003314,-0.003339,0.0,0.003314,0.003339,0.03488,0.006628,0.006678,0.03488,0.006628,0.006678,0.00940882925767069,4.4261784e-05,0.007507053597072963,0.0026902402573895996,0.0033885224713595496,0.003415462596995068,3098,6208,-0.024159,-0.006709,-3e-06,0.012401,0.036448,0.01343,0.03656,0.043157,0.013432999999999999,0.03656,0.043157,0.05656111958757535,0.00157781992,0.04482123064592126,0.01734642525011834,0.025818452758583337,0.027511903023145035,0.036479,0.029932,0.0373141770488483,0.022429930287223787,0.044859860574447574,0.0003404265782455692,0.00035525633024986573,0.00038516347533692314,0.004239833331825774,0.007136015405271066,0.021749283114919592,-0.021749283114919592,-0.021559821658740003,-0.020469023097777938,-0.004239833331825774,-0.007118657534406318,0.0006166172450992564,0.0205078125,1024
00271,/home/gpuserver/hx/github/SRSA_restore/data/mesh/00271/plug.obj,/home/gpuserver/hx/github/SRSA_restore/data/mesh/00271/socket.obj,2370,4736,-0.016325,-0.014938,0.002582,0.016325,0.014938,0.04441,0.03265,0.029876,0.041828,0.029876,0.03265,0.04425604903287233,0.0009754513999999999,0.03524178338914302,0.011891064095036846,0.016257824223708306,0.016389908840386196,5888,11776,-0.018536,-0.016355,0.0,0.018536,0.016355,0.024415,0.037072,0.03271,0.024415,0.03271,0.037072,0.04943963272517303,0.0012126251200000001,0.039293285122565434,0.013998442124444139,0.023913363230629023,0.024719816362586522,0.004422000000000002,0.002834000000000003,0.004051501733422412,0.007655539006920717,0.015311078013841434,7.700000000000068e-05,7.700000000000068e-05,7.700000000000068e-05,0.009585867239727638,0.009798708258774325,0.02053119502710366,-0.02053119502710366,-0.0200547079177949,-0.01999501287472482,-0.009585867239727638,-0.009668300983006204,0.007662594254993707,0.0146484375,1024
00293,/home/gpuserver/hx/github/SRSA_restore/data/mesh/00293/plug.obj,/home/gpuserver/hx/github/SRSA_restore/data/mesh/00293/socket.obj,2434,4864,-0.003728,-0.003728,0.0,0.003728,0.003728,0.049701,0.007456,0.007456,0.049701,0.007456,0.007456,0.010544376321053796,5.5591936e-05,0.008413195069864142,0.0032883203762695073,0.003727482930879766,0.0037280000000000013,7680,15360,-0.007517,-0.009405,0.0,0.009413,0.009405,0.014108,0.01693,0.01881,0.014108,0.01693,0.01881,0.02530693580819298,0.0003184533,0.020136219474156766,0.0068826124184907245,0.009912520791116342,0.010227520711395412,0.011354,0.009474,0.011723024404292624,0.0061850378602365755,0.012370075720473151,0.00047496745504330384,0.0004863993108088827,0.0004980842760150066,0.010085583000973633,0.012919864377511095,0.03578980767842097,-0.03578980767842097,-0.0356600807843642,-0.034549993208331645,-0.010085583000973633,-0.012826603489617673,0.0005463006149574643,0.0908203125,1024
00296,/home/gpuserver/hx/github/SRSA_restore/data/mesh/00296/plug.obj,/home/gpuserver/hx/github/SRSA_restore/data/mesh/00296/socket.obj,7964,15936,-0.023768,-0.017879,0.018731,0.023768,0.017879,0.058462,0.047536,0.035758,0.039731,0.035758,0.047536,0.059483660445537476,0.001699792288,0.04652142258054305,0.01439012979887372,0.02376403862764402,0.02384353327148753,6380,12768,-0.02728,-0.012356,0.0,0.02728,0.012356,0.02604,0.05456,0.024712,0.02604,0.024712,0.05456,0.05989554694632982,0.00134828672,0.041432981663709234,0.01473598837404054,0.02673162026994015,0.027289482131661442,0.0070239999999999955,-0.011045999999999997,-0.005088440916833817,0.00296758164229613,0.00593516328459226,0.00013133601951936048,0.00015934851859789766,0.000524457847037181,0.018415233363725858,0.017991582492000186,0.03273686406834517,-0.03273686406834517,-0.03259997384523902,-0.031000018327855088,-0.018415233363725858,-0.01798937115956871,0.0005122592193049508,0.0048828125,1024
00301,/home/gpuserver/hx/github/SRSA_restore/data/mesh/00301/plug.obj,/home/gpuserver/hx/github/SRSA_restore/data/mesh/00301/socket.obj,4176,8352,-0.002784,-0.002871,3.1e-05,0.00278,0.002883,0.068318,0.0055639999999999995,0.0057540000000000004,0.068287,0.0055639999999999995,0.0057540000000000004,0.008004162167272724,3.2015256e-05,0.00638459787097196,0.002241179520918698,0.0027767627744680282,0.003153675505776172,6584,13216,-0.028203,-0.028198,0.0,0.0282,0.028206,0.023648,0.056402999999999995,0.056403999999999996,0.023648,0.056402999999999995,0.056403999999999996,0.079766594668445,0.0031813548119999993,0.06364453434877106,0.018281264258423652,0.028117758621617323,0.02820584791901398,0.050649999999999994,0.050838999999999995,0.057259936477799096,0.025340995847149293,0.050681991694298587,0.0001879791283752147,0.00020219800302721601,0.0003467155222433328,0.011587146311655134,0.015110580643167911,0.044742847399325034,-0.044742847399325034,-0.044671290790863884,-0.04147005211410925,-0.011587146311655134,-0.015110580643167911,-0.0001879791283752147,0.0,1024
00308,/home/gpuserver/hx/github/SRSA_restore/data/mesh/00308/plug.obj,/home/gpuserver/hx/github/SRSA_restore/data/mesh/00308/socket.obj,3358,6720,-0.031694,-0.012861,0.001343,0.018905,0.015679,0.039126,0.050599000000000005,0.028539999999999996,0.037783000000000004,0.028539999999999996,0.050599000000000005,0.05809294622413293,0.00144409546,0.04287982562982871,0.016896570622060406,0.025886642414296324,0.02766225878447389,2614,1864,-0.024613,-0.024517,0.0,0.024613,0.024645,0.049433,0.049226,0.049162,0.049433,0.049162,0.049226,0.06957083670619464,0.002420048612,0.05550947300218083,0.017911317704810727,0.024644114769667526,0.02464600204133323,-0.0013730000000000062,0.020622,0.012629647372352115,-0.0012425276446287985,-0.002485055289257597,0.00011170795454485262,0.0004690693362292278,0.0005310965417457263,0.006406480323493474,0.0068080479492383895,0.02188184660008309,-0.02188184660008309,-0.019769914508632185,-0.014495303451096564,-0.006406480323493474,-0.0068080479492383895,-0.00011170795454485262,0.0,1024
00318,/home/gpuserver/hx/github/SRSA_restore/data/mesh/00318/plug.obj,/home/gpuserver/hx/github/SRSA_restore/data/mesh/00318/socket.obj,3714,7424,-0.004258,-0.004258,0.0,0.004258,0.004258,0.074588,0.008516,0.008516,0.074588,0.008516,0.008516,0.012043442697169277,7.252225599999999e-05,0.009609276986985384,0.003917367960659604,0.004258256269251854,0.004258484947369894,2688,5376,-0.009001,-0.030449,0.0,0.009001,0.030449,0.039918,0.018002,0.060898,0.039918,0.018002,0.060898,0.0635030582570635,0.001096285796,0.03736086759965118,0.011340561398874776,0.030460190386678954,0.03199038287484404,0.052382,0.009486000000000001,0.0277515906126658,0.0262019341174271,0.0524038682348542,0.0004655836365996299,0.000473753605939813,0.000491662701617772,0.0005788451560424434,0.009057163176390971,0.0348790373490995,-0.0348790373490995,-0.03472853576612102,-0.032715982454106514,-0.0005777160131989218,-0.00893436428483774,0.0005803054110914076,0.1171875,1024
00319,/home/gpuserver/hx/github/SRSA_restore/data/mesh/00319/plug.obj,/home/gpuserver/hx/github/SRSA_restore/data/mesh/00319/socket.obj,2882,5760,-0.004051,-0.004051,0.004949,0.004051,0.004051,0.078493,0.008102,0.008102,0.073544,0.008102,0.008102,0.011457958282346815,6.564240399999999e-05,0.009142128011807842,0.003280577573127832,0.004050910144646509,0.004051383220580349,2130,4256,-0.020525,-0.005034,0.0,0.021836,0.00516,0.042302,0.042361,0.010194,0.042302,0.010194,0.042361,0.043570310499237895,0.000431828034,0.023448252161174837,0.009050300325174744,0.02089861284845235,0.022067412470841263,0.034259000000000005,0.002092,0.014306124149366994,0.016847702703805843,0.033695405407611685,9.000000000000067e-05,9.592776607480553e-05,0.0004452188210195947,0.0005118161347640681,0.009248020081303545,0.036418382671856715,-0.036418382671856715,-0.03595450528619292,-0.03290859889585699,-0.0005118161347640681,-0.00923648320515982,0.0005038084229575589,0.01953125,1024
00320,/home/gpuserver/hx/github/SRSA_restore/data/mesh/00320/plug.obj,/home/gpuserver/hx/github/SRSA_restore/data/mesh/00320/socket.obj,2304,4608,-0.00417,-0.004063,0.0,0.00417,0.004313,0.076033,0.00834,0.008376,0.076033,0.00834,0.008376,0.01182002436545712,6.985584e-05,0.009430971207605946,0.0028385602565507715,0.004187525136115103,0.004189255655485759,5404,10816,-0.061892,-0.007603,0.0,0.027458,0.030199,0.013746,0.08935,0.037802,0.013746,0.037802,0.08935,0.09701759481661046,0.0033776087,0.06557823544043805,0.028738393156196307,0.04820969560282199,0.052442656737561676,0.080974,0.029462000000000002,0.0561472642328321,0.04402217046670689,0.08804434093341378,0.0004007657901434426,0.0004306032869191934,0.0004874268612300433,0.027061848439790193,0.027857050795753714,0.06236062645019851,-0.06236062645019851,-0.06231254745191904,-0.06038062997515536,-0.027061848439790193,-0.027857050795753714,-0.0004007657901434426,0.0,1024
00329,/home/gpuserver/hx/github/SRSA_restore/data/mesh/00329/plug.obj,/home/gpuserver/hx/github/SRSA_restore/data/mesh/00329/socket.obj,5712,11424,-0.007059,-0.007035,0.0,0.007059,0.007067,0.036262,0.014118,0.014102,0.036262,0.014102,0.014118,0.019954556572372138,0.00019909203600000002,0.015921427488671883,0.006528734415675501,0.007117696718447176,0.007145158438688324,4164,8376,-0.015091,-0.010062,0.0,0.012583,0.010062,0.02201,0.027674,0.020124,0.02201,0.020124,0.027674,0.03421732970294438,0.000556911576,0.026628590677765542,0.011015714934588899,0.015718962782820794,0.01649501353927267,0.013556,0.006022,0.01070716318909366,0.008601266064373617,0.017202532128747235,0.0004422664771145396,0.0004470557860887333,0.0004573591461320257,0.001647,0.003629429387074245,0.014262092503772635,-0.014262092503772635,-0.01418363269305871,-0.012988502493458565,-0.00164699403397599,-0.0036262122466383852,0.0016471759031602327,0.0009765625,1024
00340,/home/gpuserver/hx/github/SRSA_restore/data/mesh/00340/plug.obj,/home/gpuserver/hx/github/SRSA_restore/data/mesh/00340/socket.obj,5856,11712,-0.014813,-0.01438,0.014746,0.014813,0.01438,0.031601,0.029626,0.02876,0.016854999999999995,0.02876,0.029626,0.04128967759622252,0.00085204376,0.032937149376909294,0.011211519282891578,0.014639359749007002,0.014857919267432858,3554,7104,-0.036813,-0.036894,3e-06,0.036921,0.036894,0.037837,0.073734,0.073788,0.037834,0.073734,0.073788,0.10431381356273003,0.005440684392,0.083230370168093,0.02661917600794808,0.03691740679583445,0.03701103439067272,0.04416200000000001,0.04497399999999999,0.0502932207911837,0.022278047046827447,0.044556094093654894,5.800000000000076e-05,5.800000000000076e-05,5.800000000000076e-05,0.005310554337474974,0.004760271488851168,0.01071649824620074,-0.01071649824620074,-0.010566481494112117,-0.010127587051903541,-0.0052965502886715395,-0.004468298465009503,0.010391746605916068,0.03125,1024
00345,/home/gpuserver/hx/github/SRSA_restore/data/mesh/00345/plug.obj,/home/gpuserver/hx/github/SRSA_restore/data/mesh/00345/socket.obj,490,238,-0.004356,-0.004349,3.6e-05,0.014492,0.004349,0.059762,0.018848,0.008698,0.059726,0.008698,0.018848,0.0207581865296562,0.00016393990399999998,0.014447656167451046,0.0053711225747413785,0.009724008974945197,0.01021955635633587,1942,884,-0.050774,-0.023832,4.8e-05,0.009592,0.023832,0.047712,0.060366,0.047664,0.047664,0.047664,0.060366,0.07691495857113881,0.002877285024,0.060526631114172065,0.017618079556430105,0.029965607276875382,0.038608044706217946,0.041518,0.038966,0.046078974946721016,0.020241598301930185,0.04048319660386037,0.0002980784604531479,0.00032210087592614864,0.00035005270447553244,0.004699457742298321,0.01032244025930127,0.028248373969730445,-0.028248373969730445,-0.028102325594008208,-0.027941328620552448,-0.004699457742298321,-0.010293294466865652,0.0017337467035360861,0.0166015625,1024
00346,/home/gpuserver/hx/github/SRSA_restore/data/mesh/00346/plug.obj,/home/gpuserver/hx/github/SRSA_restore/data/mesh/00346/socket.obj,2380,4756,-0.00432,-0.004308,-0.0002,0.004272,0.004308,0.049183,0.008591999999999999,0.008616,0.049382999999999996,0.008591999999999999,0.008616,0.01216790532507547,7.402867199999999e-05,0.009708564911181708,0.003297556647946888,0.004030200314014616,0.004346318641247444,2782,5576,-0.035029,-0.0108,0.0,0.023173,0.0108,0.00432,0.058202,0.0216,0.00432,0.0216,0.058202,0.06208085698506424,0.0012571632,0.04000837287900872,0.021944602669245722,0.028801430530425515,0.02925372195100366,0.049586,0.013008000000000002,0.03029980796782701,0.0247712302164109,0.0495424604328218,0.0005429545301159223,0.0005751065739934677,0.0007070492212151607,0.022211490845041978,0.021929513616206632,0.04486554107667068,-0.04486554107667068,-0.04476215050232395,-0.04292529024714851,-0.022211490845041978,-0.021929513616206632,-0.0005429545301159223,0.0,873
00360,/home/gpuserver/hx/github/SRSA_restore/data/mesh/00360/plug.obj,/home/gpuserver/hx/github/SRSA_restore/data/mesh/00360/socket.obj,7170,14336,-0.002548,-0.002534,0.0,0.002492,0.002534,0.058602,0.005039999999999999,0.005068,0.058602,0.005039999999999999,0.005068,0.007147462766604664,2.5542719999999993e-05,0.005702806430530298,0.0022271877407120584,0.002539305971293485,0.002553965001786757,3920,7840,-0.016561,-0.016491,0.0,0.016561,0.016491,0.021928,0.033122,0.032982,0.021928,0.032982,0.033122,0.04674269149289544,0.0010924298039999998,0.03729510458894147,0.013481752310127278,0.016895514084210084,0.016998651556600023,0.028054,0.027941999999999998,0.03159229815841117,0.014356208112916598,0.028712416225833197,2.168404344971009e-19,0.0003643611510842649,0.00040307342246202814,0.006780903641930288,0.01179179247364354,0.03676574870345492,-0.03676574870345492,-0.036695266814240846,-0.03477447640448837,-0.006780903641930288,-0.01173605431580457,0.0004928052549213276,0.06640625,1024
00388,/home/gpuserver/hx/github/SRSA_restore/data/mesh/00388/plug.obj,/home/gpuserver/hx/github/SRSA_restore/data/mesh/00388/socket.obj,6914,13824,-0.015743,-0.016563,0.0,0.015743,0.0165,0.064707,0.031486,0.033063,0.064707,0.031486,0.033063,0.04565665521038527,0.001041021618,0.036407003323011666,0.009227112089165395,0.017161851000164933,0.017278043376742776,2290,4576,-0.008316,-0.008353,0.0,0.00839,0.008353,0.014762,0.016706,0.016706,0.014762,0.016706,0.016706,0.023625851773004924,0.00027909043599999995,0.018850702365497633,0.006702881505720497,0.00824202886551606,0.008588313537518677,-0.016357000000000003,-0.014780000000000001,-0.017556300957514034,-0.008919822134648873,-0.017839644269297746,0.0004965381837314564,0.000525455996606519,0.0005726342966572819,0.025558579519534157,0.021663140501313637,0.04996400592947457,-0.04996400592947457,-0.04990315988107966,-0.0430088111080874,-0.025558579519534157,-0.021641198688658696,0.0007028073557440138,0.0185546875,1024
00410,/home/gpuserver/hx/github/SRSA_restore/data/mesh/00410/plug.obj,/home/gpuserver/hx/github/SRSA_restore/data/mesh/00410/socket.obj,2386,4768,-0.022091,-0.022109,0.0,0.022091,0.022038,0.041271,0.044182,0.044147,0.041271,0.044147,0.044182,0.06245803977871864,0.0019505027539999998,0.049834297812928405,0.016575328519791092,0.022548621813723427,0.02265194147635437,3616,7232,-0.016161,-0.016125,0.0,0.016161,0.016172,0.019407,0.032322,0.032297,0.019407,0.032297,0.032322,0.045692536513089306,0.001043903634,0.03645736397082957,0.011431158085336669,0.016172408315679235,0.01617352706630341,-0.011860000000000002,-0.01185,-0.013376933842098836,-0.006376213498044191,-0.012752426996088383,0.00038690130352069066,0.00040704751425254133,0.00044361096280644426,0.01769741544469542,0.016104091736010982,0.023153253870181717,-0.023153253870181717,-0.023094825124019003,-0.022828818027465655,-0.01769741544469542,-0.016094728725297415,0.0004775910885005972,0.0107421875,1024
00417,/home/gpuserver/hx/github/SRSA_restore/data/mesh/00417/plug.obj,/home/gpuserver/hx/github/SRSA_restore/data/mesh/00417/socket.obj,2722,5440,-0.003924,-0.003884,0.0,0.003924,0.003884,0.039965,0.007848,0.007768,0.039965,0.007768,0.007848,0.011042324392989005,6.0963264e-05,0.00881026892330362,0.0035874461270948466,0.003903654825929157,0.003924,7180,14336,-0.014996,-0.008414,0.0,0.014978,0.009958,0.013988,0.029974,0.018372,0.013988,0.018372,0.029974,0.03515638007531492,0.000550682328,0.026479246903875864,0.009990572283168419,0.016639937757140826,0.01750700418635409,0.022126,0.010603999999999999,0.017668977980572244,0.012736282931211668,0.025472565862423337,0.00041052937650597155,0.00042632648595146514,0.00044810262973413704,0.006130906682298175,0.009106903848234893,0.026304840052889137,-0.026304840052889137,-0.026118951450974346,-0.025681618830710583,-0.006130906682298175,-0.00900529115731526,0.000570933902669478,0.103515625,1024
00422,/home/gpuserver/hx/github/SRSA_restore/data/mesh/00422/plug.obj,/home/gpuserver/hx/github/SRSA_restore/data/mesh/00422/socket.obj,640,1280,-0.010599,-0.010572,0.017885,0.010601,0.010572,0.030682,0.0212,0.021144,0.012797,0.021144,0.0212,0.02994175572674388,0.0004482528,0.023890022833774394,0.009626825087016348,0.010600767479078456,0.01060160304443576,4130,8256,-0.008209,-0.0082,0.0,0.008172,0.0082,0.030785,0.016381,0.0164,0.030785,0.016381,0.0164,0.02317967128757438,0.0002686484,0.018494695631716407,0.007602431992353173,0.008309338408299321,0.008383302021728215,-0.004799999999999999,-0.004763,-0.005395327202057987,-0.0022914290707791354,-0.004582858141558271,0.0003434067286359691,0.0003523773226429174,0.00036314293606087253,0.002080080628127979,0.001485223484987102,0.002460203646734249,-0.002460203646734249,-0.002426919487234174,-0.0024148294648367132,-0.002080080628127979,-0.001485223484987102,-0.0003434067286359691,0.0,1024
00426,/home/gpuserver/hx/github/SRSA_restore/data/mesh/00426/plug.obj,/home/gpuserver/hx/github/SRSA_restore/data/mesh/00426/socket.obj,2274,4544,-0.004099,-0.004069,0.016385,0.004099,0.004069,0.045945,0.008198,0.008138,0.02956,0.008138,0.008198,0.011551374290533573,6.6715324e-05,0.009216538870781095,0.003449739711722102,0.004144137506634097,0.004178818600352,2217,4442,-0.022994,-0.037999,0.0,0.017399,0.021669,0.026276,0.040393,0.059668,0.026276,0.040393,0.059668,0.07205459508594854,0.002410169524,0.05539605714734871,0.017072094464584908,0.032319102624072546,0.050122404148144825,0.05147,0.032255,0.04617951827656761,0.02817496511743845,0.0563499302348769,1.410352041198576e-06,3.799999999999984e-05,0.00037010776715242475,0.006249676163774808,0.0074955052213780075,0.019928280214346873,-0.019928280214346873,-0.01976862946495591,-0.019275783456850402,-0.006249676163774808,-0.007493642492884235,0.00045778656135680285,0.015625,1024
00437,/home/gpuserver/hx/github/SRSA_restore/data/mesh/00437/plug.obj,/home/gpuserver/hx/github/SRSA_restore/data/mesh/00437/socket.obj,148,296,-0.007815,-0.002978,0.0,0.006481,0.00298,0.042348,0.014296,0.005958,0.042348,0.005958,0.014296,0.015487846202748786,8.517556799999999e-05,0.010413880228948232,0.004270170882110636,0.007684846862152699,0.0078919954168631,164,336,-0.019877,-0.020065,-0.0,0.020366,0.020065,0.014263,0.040243,0.04013,0.014263,0.04013,0.040243,0.056832349493928194,0.00161495159,0.045345564581565495,0.014050623632986842,0.020564234697743957,0.020584378048780487,0.025947,0.034172,0.03493168435261726,0.012879387835591258,0.025758775671182517,0.0002620000000000001,0.0002620000000000001,0.0002620000000000001,0.0034359419561998073,0.00745255637254995,0.028263559502142353,-0.028263559502142353,-0.028128564877557286,-0.025880222429679803,-0.0034042358458932394,-0.007178843825956811,0.0037499498908453643,0.06640625,1024
00444,/home/gpuserver/hx/github/SRSA_restore/data/mesh/00444/plug.obj,/home/gpuserver/hx/github/SRSA_restore/data/mesh/00444/socket.obj,5978,11968,-0.026876,-0.01412,0.007029,0.031916,0.014125,0.023503,0.058792,0.028245,0.016474,0.028245,0.058792,0.06522483644287658,0.0016605800399999999,0.0459816939023118,0.020945834256174953,0.02940442708814945,0.0297109191777811,5978,11968,-0.026876,-0.013147,4.9e-05,0.031915,0.015098,0.016523,0.058790999999999996,0.028245,0.016474,0.028245,0.058790999999999996,0.0652239350698806,0.0016605517949999998,0.0459813028466458,0.020945854127895472,0.029404040254857745,0.02971119262025595,-1.000000000001e-06,0.0,-3.910556660019493e-07,-3.8683329170452474e-07,-7.736665834090495e-07,0.00014599999999999986,0.00014599999999999986,0.00022471425628989378,0.006084177377188712,0.006111246954595293,0.01727622744526435,-0.01727622744526435,-0.015274979185418758,-0.012958907127578896,-0.006084177377188712,-0.006101028993189225,0.0012323431876364321,0.0078125,1024
00446,/home/gpuserver/hx/github/SRSA_restore/data/mesh/00446/plug.obj,/home/gpuserver/hx/github/SRSA_restore/data/mesh/00446/socket.obj,320,644,-0.01299,-0.013095,0.001721,0.013175,0.01301,0.071747,0.026165,0.026105000000000003,0.070026,0.026105000000000003,0.026165,0.03696049580295156,0.0006830373250000001,0.02949017010327549,0.006579652427871385,0.014570730694565508,0.015233872510302698,218,440,-0.010441,-0.010517,2e-05,0.010441,0.010364,0.060563,0.020882,0.020881,0.060543,0.020881,0.020882,0.029530900511159495,0.000436037042,0.023562249570950287,0.007516199132742052,0.012064676685492274,0.012435568807342834,-0.0052829999999999995,-0.005224000000000003,-0.005927920532325201,-0.002506054009073234,-0.005012108018146468,0.00039934698023636004,0.00041884282474864915,0.0004648784919634502,0.0022229482170250054,0.002225235295528101,0.011603400311769221,-0.011603400311769221,-0.011125211814478732,-0.006223504650934001,-0.0018303626063782446,-0.0021877136920825345,0.003925933446312411,0.009765625,1024
00470,/home/gpuserver/hx/github/SRSA_restore/data/mesh/00470/plug.obj,/home/gpuserver/hx/github/SRSA_restore/data/mesh/00470/socket.obj,5878,11672,-0.019854,-0.010788,0.012662,0.050674,0.088189,0.028673,0.070528,0.09897700000000001,0.016011,0.070528,0.09897700000000001,0.12153454370260335,0.006980649856,0.09427639919199832,0.03472391489533496,0.05464020053671503,0.06386797620700464,4962,9920,-0.023158,-0.005647,0.0,0.053986,0.091742,0.018525,0.077144,0.097389,0.018525,0.077144,0.097389,0.12424095161016757,0.0075129770160000005,0.09780500721055943,0.045657016467687536,0.06349737573335082,0.0665740559779507,-0.001588000000000006,0.006616000000000011,0.0035286080185611135,0.008857175196635786,0.017714350393271572,0.00022400000000000024,0.000853893088936894,0.0012852566098783401,0.009723192673234654,0.008512957519201015,0.019775735887823883,-0.019775735887823883,-0.01585568510004923,-0.013345794300286014,-0.009723192673234654,-0.00847596826771652,0.004601904432051439,0.007882882882882882,888
00471,/home/gpuserver/hx/github/SRSA_restore/data/mesh/00471/plug.obj,/home/gpuserver/hx/github/SRSA_restore/data/mesh/00471/socket.obj,2202,4416,-0.009185,-0.005051,-0.0031,0.011139,0.00511,0.029694,0.020324000000000002,0.010161,0.032794000000000004,0.010161,0.020324000000000002,0.02272247559136108,0.00020651216400000003,0.016215407909566545,0.007321398715596608,0.010608729008306183,0.012324010502973418,4152,8256,-0.041563,-0.033074,-0.002791,0.019244,0.033074,0.005227,0.060807,0.066148,0.008018,0.060807,0.066148,0.08985014831929884,0.004022261436,0.07156327493609024,0.022362335986899486,0.04795740504848146,0.05022143035538918,0.045824,0.050646,0.055347867026523695,0.03734867604017528,0.07469735208035055,0.00010000000000000026,0.00010000000000000026,0.0005397996360113975,0.004472789697933096,0.007913353954770884,0.024467065694941118,-0.024467065694941118,-0.024467000000000003,-0.022990611941268023,-0.004472789697933096,-0.007911614821100548,0.0006400011906831005,0.001358695652173913,736
00480,/home/gpuserver/hx/github/SRSA_restore/data/mesh/00480/plug.obj,/home/gpuserver/hx/github/SRSA_restore/data/mesh/00480/socket.obj,2690,5376,-0.003745,-0.003783,0.0,0.003745,0.003783,0.037833,0.00749,0.007566,0.037833,0.00749,0.007566,0.010646335331934646,5.666934e-05,0.008494330147930568,0.0033433660713255695,0.0037832864020584003,0.003783446709020759,2492,4992,-0.007308,-0.007302,0.0,0.022919,0.007302,0.012796,0.030226999999999997,0.014604,0.012796,0.014604,0.030226999999999997,0.03357005131065486,0.00044143510799999995,0.023707649312828073,0.010899449543936889,0.01770122198466837,0.020149419335023764,0.022660999999999997,0.0071140000000000005,0.015213319164897505,0.01391793558260997,0.02783587116521994,0.00049731903063602,0.0005230536222252645,0.0006069427291309357,0.0061340152444857915,0.00938629890581081,0.02535241410459124,-0.02535241410459124,-0.025177603302639823,-0.02468629761821294,-0.0061340152444857915,-0.008916541149647489,0.005694799619801949,0.0947265625,1024
00486,/home/gpuserver/hx/github/SRSA_restore/data/mesh/00486/plug.obj,/home/gpuserver/hx/github/SRSA_restore/data/mesh/00486/socket.obj,7850,3078,-0.012606,-0.012717,0.007984,0.015624,0.0128,0.064046,0.028229999999999998,0.025516999999999998,0.05606200000000001,0.025516999999999998,0.028229999999999998,0.03805325464398544,0.0007203449099999999,0.030284841509585148,0.007830565474992598,0.01537821997645171,0.01740355015157191,6670,2708,-0.010514,-0.010584,4.5e-05,0.010685,0.010589,0.03665,0.021199000000000003,0.021172999999999997,0.036605,0.021172999999999997,0.021199000000000003,0.029961534173002558,0.000448846427,0.023905836533564026,0.007483095723548628,0.007939583144205432,0.01061597910414284,-0.007030999999999996,-0.004344000000000001,-0.006379004976021122,-0.007438636832246277,-0.014877273664492555,0.0008558799142117322,0.0009361575486289593,0.001826642522027975,0.004797463608900687,0.007628712689989332,0.027655561039536636,-0.027655561039536636,-0.027345507503016103,-0.025041421145693854,-0.004797463608900687,-0.007628712689989332,-0.0008558799142117322,0.0,733
00499,/home/gpuserver/hx/github/SRSA_restore/data/mesh/00499/plug.obj,/home/gpuserver/hx/github/SRSA_restore/data/mesh/00499/socket.obj,3842,7680,-0.004338,-0.004381,0.0,0.004338,0.004295,0.065746,0.008676,0.008676,0.065746,0.008676,0.008676,0.012269716867148972,7.5272976e-05,0.009789817653720667,0.0037909633553894354,0.004643005337784375,0.004700440402061539,520,1040,-0.009622,-0.009644,0.0,0.009653,0.009644,0.029869,0.019275,0.019288,0.029869,0.019275,0.019288,0.027268160352323,0.0003717762,0.02175684167408884,0.008570728500642602,0.009652738954159319,0.009653219102884738,0.010612,0.010599,0.011967024020368172,0.005009733616374944,0.010019467232749888,0.0004219346209729691,0.0004444621440237939,0.0004728621821206115,0.00402192124523435,0.01081915553221324,0.03615602899295579,-0.03615602899295579,-0.03596351642271251,-0.03464961307426082,-0.00402192124523435,-0.01081915553221324,-0.0004219346209729691,0.0,1024
00506,/home/gpuserver/hx/github/SRSA_restore/data/mesh/00506/plug.obj,/home/gpuserver/hx/github/SRSA_restore/data/mesh/00506/socket.obj,2317,4630,-0.003452,-0.003467,8e-06,0.003452,0.003409,0.075471,0.006904,0.006876,0.075463,0.006876,0.006904,0.009743951559813915,4.7471904000000006e-05,0.007774516411756513,0.0032596874570538915,0.003467576810253196,0.003475078218748039,2014,4032,-0.008024,-0.008019,0.0,0.03646,0.008019,0.047834,0.044483999999999996,0.016038,0.047834,0.016038,0.044483999999999996,0.047286823746155754,0.0007134343919999999,0.03013922494803885,0.008826116398997774,0.026758138589564568,0.03586898051231513,0.037579999999999995,0.009162,0.02236470853628234,0.023290561779311374,0.04658112355862275,0.0003027338085254734,0.00031012433500182305,0.0003240311785536285,0.0004371001346059124,0.005907191624858077,0.027871177884690793,-0.027871177884690793,-0.02767356753431819,-0.02510924424975566,-0.00039588813110695445,-0.005521076034147147,0.004658346815006703,0.0966796875,1024
00514,/home/gpuserver/hx/github/SRSA_restore/data/mesh/00514/plug.obj,/home/gpuserver/hx/github/SRSA_restore/data/mesh/00514/socket.obj,3394,6784,-0.003565,-0.003475,-2e-06,0.003565,0.003475,0.052025,0.00713,0.00695,0.052027000000000004,0.00695,0.00713,0.009956877020431657,4.95535e-05,0.007943140171244235,0.003091817729018347,0.0037275899870758476,0.0037934148517218278,6024,12064,-0.004982,-0.026051,0.0,0.01187,0.004157,0.015093,0.016852,0.030208000000000002,0.015093,0.016852,0.030208000000000002,0.03459065145382492,0.000509065216,0.025459025194621007,0.008586107661902147,0.015203361333653688,0.017720876528317612,0.023078,0.009902,0.01751588502337677,0.01147577134657784,0.02295154269315568,0.00012779602689390025,0.00015801826416259932,0.0001964868225443285,0.01200676024008535,0.014010602100277362,0.03708561826606098,-0.03708561826606098,-0.03696736516541711,-0.035949607321587466,-0.01200676024008535,-0.013993859114465452,0.00030504549495639194,0.0380859375,1024
00537,/home/gpuserver/hx/github/SRSA_restore/data/mesh/00537/plug.obj,/home/gpuserver/hx/github/SRSA_restore/data/mesh/00537/socket.obj,3906,7808,-0.014995,-0.003571,0.006439,0.014816,0.003581,0.085071,0.029810999999999997,0.007152,0.078632,0.007152,0.029810999999999997,0.030656921322924777,0.000213208272,0.01647620111479132,0.007086209424332722,0.015062576746598577,0.015218677734808112,2240,4480,-0.006903,-0.006876,0.0,0.006975,0.006857,0.064999,0.013878000000000001,0.013733,0.064999,0.013733,0.013878000000000001,0.019524194554449616,0.00019058657400000003,0.015577623782605434,0.005106723398701937,0.006862302699514763,0.007017716304821132,-0.015932999999999996,0.006581,-0.0008985773321858875,-0.008200274047083815,-0.01640054809416763,0.0001067421394606467,0.00011058974026154989,0.0004489309172301347,0.0005244375781067458,0.005243294165831963,0.02169737943653762,-0.02169737943653762,-0.020826972503242638,-0.01982884754362152,-0.0005244375781067458,-0.005238157535022431,0.0005032205250448735,0.0087890625,1024
00553,/home/gpuserver/hx/github/SRSA_restore/data/mesh/00553/plug.obj,/home/gpuserver/hx/github/SRSA_restore/data/mesh/00553/socket.obj,5504,11008,-0.012183,-0.01201,0.009841,0.012154,0.01201,0.019628,0.024336999999999998,0.02402,0.009786999999999999,0.02402,0.024336999999999998,0.03419429731695038,0.0005845747399999999,0.027281929473944398,0.011634418447194511,0.015092728108246987,0.017157540812567918,4226,8448,-0.014539,-0.0114,0.0,0.024612,0.010965,0.03489,0.039151,0.022365000000000003,0.03489,0.022365000000000003,0.039151,0.04508873502328492,0.0008756121150000001,0.033389578773431586,0.010163552811779388,0.0179731221939985,0.026187687635152376,0.014814,-0.0016549999999999968,0.006107649299487188,0.0028803940857515115,0.005760788171503023,5.6000000000000494e-05,5.6000000000000494e-05,6.0273763766727506e-05,0.001388438744802368,0.0021993682126438406,0.00760994466335823,-0.00760994466335823,-0.006975272820142978,-0.00570014231392297,-0.0013680717512595027,-0.0021660568644774063,0.002478176645809621,0.033203125,1024
00559,/home/gpuserver/hx/github/SRSA_restore/data/mesh/00559/plug.obj,/home/gpuserver/hx/github/SRSA_restore/data/mesh/00559/socket.obj,3138,6272,-0.004451,-0.004484,3.8e-05,0.004451,0.004405,0.057507,0.008902,0.008889000000000001,0.057469,0.008889000000000001,0.008902,0.012580140102558477,7.912987800000001e-05,0.010037494201227166,0.0038642672735204023,0.004704013116332852,0.004781766998741426,3744,7488,-0.024236,-0.024304,3e-06,0.024236,0.024304,0.012675,0.048472,0.048608,0.012672000000000001,0.048472,0.048608,0.06864599367770853,0.002356126976,0.05477147102516488,0.017264533039516507,0.02411177413085253,0.024304334472446433,0.039706,0.039583,0.04473397682393771,0.019407761014519676,0.03881552202903935,0.0003083302702401997,0.0003760867011784434,0.00045837149595064465,0.019122090298143338,0.020889096334403556,0.04758194787581598,-0.04758194787581598,-0.04713326340175767,-0.04604254865766345,-0.019122090298143338,-0.020889096334403556,-0.0003083302702401997,0.0,1024
00581,/home/gpuserver/hx/github/SRSA_restore/data/mesh/00581/plug.obj,/home/gpuserver/hx/github/SRSA_restore/data/mesh/00581/socket.obj,2880,5760,-0.011116,-0.009687,0.005178,0.011116,0.00964,0.012963,0.022232,0.019326999999999997,0.007785,0.019326999999999997,0.022232,0.029458356250816164,0.0004296778639999999,0.0233898022210992,0.007350569303824396,0.010638612441951708,0.011129060559175799,2786,5568,-0.009103,-0.007883,0.0,0.009103,0.007883,0.031532,0.018206,0.015766,0.031532,0.015766,0.018206,0.02408371217233755,0.00028703579599999996,0.01911714743945171,0.006172528785896807,0.008833244436086839,0.009109507180155239,-0.004025999999999998,-0.003560999999999998,-0.0042726547816474905,-0.0018053680058648693,-0.0036107360117297385,0.0001240207467799716,0.00019228652876248387,0.00025206749044861095,0.0022603840700787616,0.0024460365164481936,0.005915322931191644,-0.005915322931191644,-0.005740907675473216,-0.005239432891382143,-0.0022603840700787616,-0.0024396674029218183,0.0005274474778598524,0.0087890625,1024
00597,/home/gpuserver/hx/github/SRSA_restore/data/mesh/00597/plug.obj,/home/gpuserver/hx/github/SRSA_restore/data/mesh/00597/socket.obj,659,1314,-0.004138,-0.00412,7e-06,0.004138,0.00412,0.050016,0.008276,0.00824,0.050009,0.00824,0.008276,0.011678603341153428,6.819424000000001e-05,0.009318133026049823,0.002471030395703821,0.004138013657056424,0.004138612273762893,5111,10626,-0.031116,-0.031188,5e-06,0.031224,0.031186,0.026268,0.06234,0.062374,0.026262999999999998,0.06234,0.062374,0.08818611838605893,0.00388839516,0.07036233710777955,0.021102547903748277,0.031165223388219587,0.031200788133598042,0.054098,0.054099999999999995,0.061044204081729725,0.02702720973116316,0.05405441946232632,7.064883984722918e-06,5.793294488424063e-05,8.953215699077777e-05,0.005774197840077088,0.009513320544684942,0.028067610612486703,-0.028067610612486703,-0.02795295842676572,-0.027063388352765002,-0.005774197840077088,-0.009509234384646716,0.00019999326456037072,0.01953125,1024
00614,/home/gpuserver/hx/github/SRSA_restore/data/mesh/00614/plug.obj,/home/gpuserver/hx/github/SRSA_restore/data/mesh/00614/socket.obj,4224,8448,-0.004162,-0.004149,9.4e-05,0.004087,0.004171,0.074044,0.008249,0.008320000000000001,0.07395,0.008249,0.008320000000000001,0.011716159823081964,6.863168000000001e-05,0.009347971384081648,0.003500773439363534,0.004164679284003923,0.004168700874133975,6144,12288,-0.013886,-0.023098,1e-06,0.00913,0.02312,0.051913,0.023016000000000002,0.046218,0.051912,0.023016000000000002,0.046218,0.05163177103295993,0.0010637534880000002,0.036802350560413415,0.012455266098842193,0.024482718247946456,0.025727394149951333,0.037898,0.014767000000000002,0.027454379176331766,0.020318038963942534,0.04063607792788507,0.0003574002176365644,0.000380488389475255,0.0004053192472309824,0.006969830698236413,0.00815096374851029,0.025724079202382885,-0.025724079202382885,-0.02451786474746423,-0.022630762578272196,-0.006969830698236413,-0.008043036095774045,0.0005102682342858198,0.12109375,1024
00615,/home/gpuserver/hx/github/SRSA_restore/data/mesh/00615/plug.obj,/home/gpuserver/hx/github/SRSA_restore/data/mesh/00615/socket.obj,6704,13408,-0.010822,-0.010822,0.027795,0.010822,0.010822,0.056237,0.021644,0.021644,0.028442000000000002,0.021644,0.021644,0.03060923834400327,0.000468462736,0.024422638692615274,0.008660355904222612,0.010819781995667969,0.010830160417131841,2082,4160,-0.008825,-0.008827,3e-06,0.00841,0.008822,0.047398,0.017235,0.017648999999999998,0.047395,0.017235,0.017648999999999998,0.02466845001211061,0.000304180515,0.019679803363751053,0.0055874155069614365,0.009708452981644135,0.009768692902827072,-0.003995000000000002,-0.004409,-0.004742835328864221,-0.0011113290140238336,-0.0022226580280476672,1.2000000000001593e-05,1.2000000000001593e-05,0.0005772716685971321,0.007870596320523057,0.007412130852994817,0.012234750132095778,-0.012234750132095778,-0.012158430532798435,-0.011818763953893257,-0.007870596320523057,-0.007412130852994817,-1.2000000000001593e-05,0.0,1024
00638,/home/gpuserver/hx/github/SRSA_restore/data/mesh/00638/plug.obj,/home/gpuserver/hx/github/SRSA_restore/data/mesh/00638/socket.obj,2562,5120,-0.004174,-0.004186,0.0,0.004174,0.004139,0.050234,0.008348,0.008324999999999999,0.050234,0.008324999999999999,0.008348,0.011789602580239929,6.949709999999998e-05,0.009406723976199901,0.0036760649868908465,0.004475986134538851,0.004523092147466853,4302,8608,-0.016749,-0.008382,-2e-05,0.01674,0.042994,0.03347,0.033489000000000005,0.051376,0.03349,0.033489000000000005,0.051376,0.06132704539597518,0.001720530864,0.04680435806612624,0.017955970098156183,0.03261300187880336,0.03696373457961383,0.043028,0.025164000000000006,0.03739763408992634,0.02813701574426451,0.05627403148852902,0.0003450277298349967,0.00036851689923005304,0.00040005590236854346,0.002975093288503345,0.00482064484374686,0.017381427724963087,-0.017381427724963087,-0.017242685111099432,-0.016132987157893575,-0.0010726036974878922,-0.003540253847941907,0.00831027779709986,0.1806640625,1024
00648,/home/gpuserver/hx/github/SRSA_restore/data/mesh/00648/plug.obj,/home/gpuserver/hx/github/SRSA_restore/data/mesh/00648/socket.obj,7682,15360,-0.004598,-0.004532,1e-06,0.004599,0.004665,0.09197,0.009197,0.009197,0.091969,0.009197,0.009197,0.013006522133145355,8.458480900000001e-05,0.01037770319977743,0.004028139457403715,0.004578174256020215,0.004598816900494788,3516,7040,-0.034391,-0.011494,0.0,0.034393,0.011498,0.068977,0.068784,0.022992,0.068977,0.022992,0.068784,0.07252496618406658,0.001581481728,0.04487321111047992,0.016818316370750715,0.03356940055758422,0.03626759435319768,0.059587,0.013794999999999998,0.034495507910702494,0.028991226301564005,0.05798245260312801,0.0005238727440778695,0.0005245193248712127,0.0005256280421400316,0.007537444290003499,0.008719661262638642,0.023472838340457956,-0.023472838340457956,-0.023211523298372977,-0.021053853905294326,-0.007537444290003499,-0.008709240148973344,0.0005509518304366439,0.009765625,1024
00649,/home/gpuserver/hx/github/SRSA_restore/data/mesh/00649/plug.obj,/home/gpuserver/hx/github/SRSA_restore/data/mesh/00649/socket.obj,3506,7008,-0.012605,-0.012605,0.0,0.012605,0.012605,0.043336,0.02521,0.02521,0.043336,0.02521,0.02521,0.035652323907425724,0.0006355441,0.028446438802477873,0.008422025326481222,0.012635880958818749,0.012645050663142315,3680,7360,-0.006564,-0.00656,0.0,0.006545,0.00656,0.006186,0.013108999999999999,0.01312,0.006186,0.013108999999999999,0.01312,0.01854670539475947,0.00017199008,0.014798127285510292,0.005821615891462431,0.006563957337277819,0.006565394459411293,-0.01209,-0.012101,-0.013648311516967581,-0.00607192362154093,-0.01214384724308186,0.0006489543785545974,0.0006709006694338613,0.0011179401193802704,0.0165629076878245,0.016414266018017598,0.03732067170865056,-0.03732067170865056,-0.03680806084035305,-0.03173941174767387,-0.0165629076878245,-0.016412896576118968,0.0007011542520990199,0.0009765625,1024
00652,/home/gpuserver/hx/github/SRSA_restore/data/mesh/00652/plug.obj,/home/gpuserver/hx/github/SRSA_restore/data/mesh/00652/socket.obj,135,266,-0.006141,-0.010247,0.016757,0.035491,0.010247,0.052864,0.041632,0.020494,0.036107,0.020494,0.041632,0.046402882022564075,0.0008532062079999999,0.032959609886027696,0.013475438317307487,0.02542030308267056,0.025448488889617656,958,1912,-0.019849,-0.019864,6e-06,0.019849,0.019806,0.023181,0.039698,0.03967,0.023175,0.03967,0.039698,0.05612165450162709,0.0015748196599999998,0.04477859608047559,0.011588591384099213,0.0198570382481475,0.019889318956459907,-0.0019340000000000052,0.019176,0.011818986194447892,-0.00556326483452306,-0.01112652966904612,0.00019700000000000273,0.00019700000000000273,0.0004394207576165452,0.01900683129985907,0.017155679114868982,0.03785101236345605,-0.03785101236345605,-0.03625980116707409,-0.03259487335537326,-0.01900683129985907,-0.017155679114868982,-0.00019700000000000273,0.0,1024
00659,/home/gpuserver/hx/github/SRSA_restore/data/mesh/00659/plug.obj,/home/gpuserver/hx/github/SRSA_restore/data/mesh/00659/socket.obj,2690,5376,-0.00416,-0.004203,0.0,0.00416,0.004203,0.042028,0.00832,0.008406,0.042028,0.00832,0.008406,0.011827224357388338,6.993792e-05,0.009436510235278943,0.0037142104740414583,0.004202761473126927,0.00420320651407946,7168,14336,-0.019703,-0.019758,0.0,0.019703,0.019758,0.008406,0.039406,0.039516,0.008406,0.039406,0.039516,0.055806335590146035,0.001557167496,0.044526927063109054,0.014749253489884135,0.019757868710971842,0.01975873308185522,0.031110000000000002,0.031085999999999996,0.03509041682783011,0.015555107237844916,0.031110214475689832,0.0004971615507827705,0.0005112903818606804,0.0005303987621608442,0.012532893489439726,0.01397286479017008,0.03385763526339109,-0.03385763526339109,-0.03373624697143963,-0.033289486602675486,-0.012532893489439726,-0.013944706697059522,0.0006184817122945168,0.025390625,1024
00681,/home/gpuserver/hx/github/SRSA_restore/data/mesh/00681/plug.obj,/home/gpuserver/hx/github/SRSA_restore/data/mesh/00681/socket.obj,4738,9472,-0.003831,-0.003844,0.024014,0.003831,0.003792,0.081533,0.007662,0.007636,0.057518999999999994,0.007636,0.007662,0.010817335161674525,5.850703200000001e-05,0.008630959783679079,0.0033500571856071087,0.004269435657296781,0.004323156517231656,7430,14864,-0.019651,-0.019608,0.0,0.019651,0.019527,0.042205,0.039302,0.039135,0.042205,0.039135,0.039302,0.05546346030496114,0.00153808377,0.04425323806321231,0.00870992070788367,0.01952774109727687,0.020137430468574608,0.031639999999999995,0.031499,0.03562227827953323,0.015258305439980087,0.030516610879960174,7.094497051153465e-05,8.488825980982229e-05,0.00035777884245776794,0.010396113323162995,0.013935177532259086,0.03950333650937628,-0.03950333650937628,-0.03939061722203117,-0.03820006419275187,-0.010140919547331435,-0.01368560077698372,0.000463476091927122,0.0458984375,1024
00686,/home/gpuserver/hx/github/SRSA_restore/data/mesh/00686/plug.obj,/home/gpuserver/hx/github/SRSA_restore/data/mesh/00686/socket.obj,3202,6400,-0.005214,-0.005375,0.0,0.005371,0.005288,0.033812,0.010585,0.010662999999999999,0.033812,0.010585,0.010662999999999999,0.015024706120254066,0.000112867855,0.011987819497950174,0.004680062253841425,0.005573471844864985,0.0056760829387264575,2234,4464,-0.008123,-0.008151,0.0,0.008123,0.008095,0.011799,0.016246,0.016246,0.011799,0.016246,0.016246,0.022975313534313303,0.000263932516,0.018331647948633695,0.006987365184314702,0.008148558683473021,0.008159419479541328,0.005583000000000001,0.005660999999999999,0.006343828450683521,0.002575086838608036,0.005150173677216072,0.0004661958810425145,0.0004988090033036971,0.0005513576422807508,0.005754408480004419,0.008533852004470086,0.02345877615833037,-0.02345877615833037,-0.023188195035535063,-0.02230414293907859,-0.005754408480004419,-0.008448457037000291,0.0010269889831356976,0.0634765625,1024
00700,/home/gpuserver/hx/github/SRSA_restore/data/mesh/00700/plug.obj,/home/gpuserver/hx/github/SRSA_restore/data/mesh/00700/socket.obj,4386,8768,-0.006937,-0.006986,1.3e-05,0.007003,0.006986,0.046029,0.01394,0.013972,0.046016,0.01394,0.013972,0.019736777447192336,0.00019476967999999998,0.01574764930684619,0.005110537563950199,0.006960948378980042,0.007020356961571442,5148,10304,-0.014005,-0.016594,0.0,0.014005,0.016594,0.006419,0.02801,0.033188,0.006419,0.02801,0.033188,0.043428141152943675,0.00092959588,0.03440346254432659,0.011415909384100687,0.016141237201929257,0.016615845031800122,0.019216000000000004,0.014070000000000001,0.018655813237480404,0.009180288822949216,0.01836057764589843,0.00024718277904158106,0.0004164508689648124,0.0011880931908627478,0.01442681227509926,0.015059712698651025,0.03988835540027093,-0.03988835540027093,-0.03915913614209022,-0.033241225667475574,-0.01442681227509926,-0.015059712698651025,-0.00024718277904158106,0.0,1024
00703,/home/gpuserver/hx/github/SRSA_restore/data/mesh/00703/plug.obj,/home/gpuserver/hx/github/SRSA_restore/data/mesh/00703/socket.obj,5564,11136,-0.00939,-0.0148,0.0,0.00939,0.014802,0.046646,0.01878,0.029602,0.046646,0.01878,0.029602,0.03505662282650741,0.00055592556,0.026605007177616782,0.009978049531709719,0.01615855683463997,0.017596757491570296,5278,10560,-0.028912,-0.004884,1.5e-05,0.008535,0.004884,0.027603,0.037447,0.009768,0.027587999999999998,0.009768,0.037447,0.03870002109818547,0.00036578229600000005,0.02158074336141419,0.008994454541823294,0.017667065917429052,0.020906627848033824,0.007845000000000001,-0.009012000000000001,-0.005024263816202593,0.0015085090827890828,0.0030170181655781655,0.0004980033165978072,0.0004989159788016823,0.0005046569050195498,0.008621658710310521,0.009372331995581285,0.02848570884532727,-0.02848570884532727,-0.027787678918053067,-0.024187408461801528,-0.008621658710310521,-0.009372331995581285,-0.0004980033165978072,0.0,1024
00726,/home/gpuserver/hx/github/SRSA_restore/data/mesh/00726/plug.obj,/home/gpuserver/hx/github/SRSA_restore/data/mesh/00726/socket.obj,4442,8896,-0.01326,-0.011326,0.0,0.009289,0.011459,0.031898,0.022549,0.022785,0.031898,0.022549,0.022785,0.03205641318051662,0.0005137789649999999,0.025576624004960136,0.00887142586579864,0.012718029497195402,0.013152410462802782,758,563,0.00292,-0.009833,0.0,0.01472,0.009833,0.032149,0.011800000000000001,0.019666,0.032149,0.011800000000000001,0.019666,0.022934505793672556,0.00023205880000000002,0.017189137292598144,0.0039806326340500854,0.009824058787069519,0.011743688890382365,-0.0031190000000000002,-0.010748999999999998,-0.008387486712361992,-0.0028939707101258826,-0.005787941420251765,0.00025299999999999975,0.00025299999999999975,0.0002950000000000001,0.007728778130969997,0.007661717265655185,0.01617788221523407,-0.01617788221523407,-0.016163767788019732,-0.015791164808153037,-0.007728778130969997,-0.007657825165469706,0.0012362723948148022,0.0029296875,1024
00731,/home/gpuserver/hx/github/SRSA_restore/data/mesh/00731/plug.obj,/home/gpuserver/hx/github/SRSA_restore/data/mesh/00731/socket.obj,2626,5248,-0.00426,-0.004295,0.0,0.004322,0.004268,0.040212,0.008582,0.008563000000000001,0.040212,0.008563000000000001,0.008582,0.012123353207755682,7.3487666e-05,0.009673024470220764,0.0036963594797667925,0.004794858252862433,0.004862605671330195,4546,9104,-0.031586,-0.01926,0.0,0.009643,0.01922,0.01924,0.041229,0.03848,0.01924,0.03848,0.041229,0.0563962839289966,0.00158649192,0.04494423489110494,0.014280487896121016,0.023059347635704754,0.02771895010443969,0.032647,0.029917,0.03527121042088417,0.018264489382842322,0.036528978765684644,0.00043672618262037804,0.0004643762630209654,0.0004844537490371019,0.01118398471968227,0.012726111263850114,0.03155028555192121,-0.03155028555192121,-0.03140422043544748,-0.031078446300837066,-0.01118398471968227,-0.012723220342864223,0.0005178074124608532,0.0029296875,1024
00741,/home/gpuserver/hx/github/SRSA_restore/data/mesh/00741/plug.obj,/home/gpuserver/hx/github/SRSA_restore/data/mesh/00741/socket.obj,56,112,-0.008641,-0.017282,0.018251,0.008641,0.017282,0.026892,0.017282,0.034564,0.008641,0.017282,0.034564,0.03864372678715136,0.0005973350479999999,0.027578081959590234,0.006463565188417605,0.01932186339357568,0.01932186339357568,7042,14080,-0.01339,-0.016043,0.0,0.013592,0.016022,0.027148,0.026982,0.032065,0.027148,0.026982,0.032065,0.041906951082129565,0.00086517783,0.033190038059396014,0.010469167599464186,0.017333528841798247,0.01865399265746778,-0.0024989999999999943,0.0097,0.0056119560998057795,-0.001988334551777434,-0.003976669103554868,0.00015199999999999936,0.00015199999999999936,0.00015204518688806745,0.003398726312891979,0.003695799174460233,0.010047260503413355,-0.010047260503413355,-0.009661743205500757,-0.008970115594906333,-0.003398726312891979,-0.0036735029325745674,0.00038368265058665973,0.041015625,1024
00755,/home/gpuserver/hx/github/SRSA_restore/data/mesh/00755/plug.obj,/home/gpuserver/hx/github/SRSA_restore/data/mesh/00755/socket.obj,3614,7548,-0.017226,-0.017279,0.000165,0.017296,0.017279,0.053065,0.034522,0.034558,0.0529,0.034522,0.034558,0.04884694307733085,0.0011930112759999999,0.038974211139138605,0.013157991055851536,0.015549527393850151,0.017296489821092154,2200,4400,-0.013618,-0.011396,1.6e-05,0.008613,0.011421,0.007967,0.022231,0.022817,0.007951,0.022231,0.022817,0.03185644126389513,0.000507244727,0.025413461890793076,0.008277310404234997,0.013315505234448749,0.014432620553125481,-0.011740999999999998,-0.012290999999999996,-0.013560749248345529,-0.0022340221594014022,-0.0044680443188028045,7.285452468249703e-05,0.00018705946315307993,0.0008785328049633174,0.020042252868047287,0.01973637505204886,0.045476141929298636,-0.045476141929298636,-0.04532791914213873,-0.04083326577793123,-0.020042252868047287,-0.019735106674564056,0.00019336894308903186,0.0048250904704463205,829
00768,/home/gpuserver/hx/github/SRSA_restore/data/mesh/00768/plug.obj,/home/gpuserver/hx/github/SRSA_restore/data/mesh/00768/socket.obj,3648,7296,-0.008126,-0.00815,0.033916,0.008158,0.00815,0.047754,0.016284,0.0163,0.013837999999999996,0.016284,0.0163,0.023040370135915783,0.0002654292,0.018383551174009295,0.006965024510914379,0.008017391426614572,0.008163877785060147,2446,4896,-0.009376,-0.007608,1e-06,0.009186,0.007607,0.058256,0.018562000000000002,0.015215,0.058255,0.015215,0.018562000000000002,0.024000918086606603,0.00028242083,0.018962841796864912,0.0075850000665372425,0.011038027559004546,0.012139399658419137,0.0022620000000000036,-0.0010690000000000005,0.0005792906228556174,0.003020636132389974,0.006041272264779948,0.000321832319682903,0.0003795875434196543,0.0004294267944219252,0.0013409824243629837,0.0012467071274198593,0.0029113511168790225,-0.0029113511168790225,-0.002787998758460461,-0.0022922817040163775,-0.001293895381015172,-0.0012295817878383887,0.002181420347908849,0.0087890625,1024
00783,/home/gpuserver/hx/github/SRSA_restore/data/mesh/00783/plug.obj,/home/gpuserver/hx/github/SRSA_restore/data/mesh/00783/socket.obj,2098,4192,-0.004123,-0.004059,0.0,0.004123,0.00416,0.051313,0.008246,0.008219,0.051313,0.008219,0.008246,0.01164252880606271,6.777387400000001e-05,0.009289369003150768,0.0031529549079616394,0.004148091332195025,0.00421279395225716,3432,6928,-0.039297,-0.039201,2e-06,0.039311,0.039197,0.013249,0.078608,0.078398,0.013247,0.078398,0.078608,0.11102010659335541,0.006162709983999999,0.08858107051940048,0.02587480258759383,0.03911830409920475,0.03954632709099888,0.070362,0.07017899999999999,0.07929170151624972,0.03497021276700972,0.06994042553401944,4.924842165015724e-05,0.0003609670269240511,0.00040099712451431525,0.01408208975225506,0.015930254579190985,0.03814213641489409,-0.03814213641489409,-0.0380863399697447,-0.037931166278046144,-0.01408208975225506,-0.015930254579190985,-4.924842165015724e-05,0.0,1024
00831,/home/gpuserver/hx/github/SRSA_restore/data/mesh/00831/plug.obj,/home/gpuserver/hx/github/SRSA_restore/data/mesh/00831/socket.obj,5890,11776,-0.004022,-0.004009,0.0,0.003968,0.004009,0.057463,0.00799,0.008018,0.057463,0.00799,0.008018,0.01131938266867942,6.406382000000002e-05,0.009031533037684988,0.0028260310157485324,0.003998932169428159,0.004023698064048542,2136,4272,-0.01146,-0.011493,0.0,0.01146,0.011493,0.005746,0.02292,0.022986,0.005746,0.02292,0.022986,0.032460477445656895,0.0005268391199999999,0.025899660254479664,0.010084548331125296,0.011492062345881232,0.011493003277153557,0.014967999999999999,0.014929999999999999,0.016868127216794676,0.007493130176453073,0.014986260352906147,0.0,8.909087160818805e-19,0.0006322603360771999,0.021927536187448946,0.022733802874202933,0.05176129280053871,-0.05176129280053871,-0.0516004484105709,-0.0472021014023655,-0.021927536187448946,-0.022728765291559264,0.0006484494144085914,0.01171875,1024
00855,/home/gpuserver/hx/github/SRSA_restore/data/mesh/00855/plug.obj,/home/gpuserver/hx/github/SRSA_restore/data/mesh/00855/socket.obj,3314,6624,-0.018755,-0.018394,1.7e-05,0.018738,0.018644,0.064834,0.037493,0.037038,0.064817,0.037038,0.037493,0.05270235756586227,0.001388665734,0.04204883026848048,0.013249389370762267,0.023364069899811477,0.023801133189870528,192,384,-0.02,-0.029147,0.0,0.019978,0.029828,0.029469,0.039978,0.058975,0.029469,0.039978,0.058975,0.07124809547630027,0.00235770255,0.05478978117662939,0.022509179581079855,0.035127849798454305,0.03572644316716136,0.021482,0.002939999999999998,0.012740950908148904,0.011763779898642829,0.023527559797285658,6.432528755414434e-07,0.0001566786288696038,0.0017743574732866508,0.02230436664019205,0.022141845736413222,0.0377898304239535,-0.0377898304239535,-0.03735114890637567,-0.0364867364963666,-0.02230436664019205,-0.022135311745883055,0.0004752301999463265,0.0166015625,1024
00860,/home/gpuserver/hx/github/SRSA_restore/data/mesh/00860/plug.obj,/home/gpuserver/hx/github/SRSA_restore/data/mesh/00860/socket.obj,3330,6656,-0.00398,-0.004042,0.0,0.00398,0.004042,0.05,0.00796,0.008084,0.05,0.00796,0.008084,0.011345160025314759,6.434863999999999e-05,0.009051587324769446,0.003542638679048674,0.004375827117315905,0.0044247238048522085,2014,4032,-0.007253,-0.009678,0.0,0.007273,0.025831,0.009684,0.014526,0.035509,0.009684,0.014526,0.035509,0.03836526758671181,0.000515803734,0.025626972342648224,0.011220399512008847,0.01782604864444029,0.018119125008656294,0.027424999999999998,0.006566000000000001,0.01657538501787878,0.013450221527124384,0.026900443054248768,0.00043015361687676556,0.00044843991373392036,0.00047607157656751276,0.014895248318483437,0.0165158805875606,0.04049371776698887,-0.04049371776698887,-0.040386562528509126,-0.03967335306180085,-0.014895248318483437,-0.01648677469771137,0.000535727259907459,0.029296875,1024
00863,/home/gpuserver/hx/github/SRSA_restore/data/mesh/00863/plug.obj,/home/gpuserver/hx/github/SRSA_restore/data/mesh/00863/socket.obj,3868,7736,-0.016742,-0.016754,0.031404,0.016742,0.016754,0.048158,0.033484,0.033508,0.016753999999999998,0.033484,0.033508,0.04737050052511584,0.0011219818720000002,0.03779618615556847,0.013983986138745182,0.01675408957630393,0.016755369596234238,3058,6112,-0.016906,-0.020489,0.0,0.00676,0.010526,0.048169,0.023666,0.031015,0.048169,0.023666,0.031015,0.039012943762295096,0.00073400099,0.030570559143443202,0.01177444434823978,0.01825792663396516,0.02194643055961417,-0.002493000000000002,-0.009818,-0.007225627012125268,0.0015038370576612274,0.003007674115322455,3.925756816904441e-06,1.0999999999997123e-05,1.0999999999997123e-05,0.006648832962715756,0.0062271250644111336,0.012856043887396746,-0.012856043887396746,-0.012768707153549962,-0.012419998850459074,-0.006648832962715756,-0.006203011489350336,0.00534271973880467,0.0859375,1024
01026,/home/gpuserver/hx/github/SRSA_restore/data/mesh/01026/plug.obj,/home/gpuserver/hx/github/SRSA_restore/data/mesh/01026/socket.obj,3616,7232,-0.010804,-0.01078,0.013838,0.010804,0.010812,0.041611,0.021608,0.021592,0.027773000000000003,0.021592,0.021608,0.030547015042389984,0.00046655993599999996,0.024372988337590173,0.007721131156966072,0.010811520466793081,0.0108125034230243,6746,13504,-0.024256,-0.024274,0.0,0.024256,0.024202,0.041634,0.048512,0.048476000000000005,0.041634,0.048476000000000005,0.048512,0.06858087721807006,0.002351667712,0.05471961555964426,0.01790850818781275,0.02422382838012861,0.02428049303443041,0.026904,0.026884000000000005,0.030346627222054088,0.013412307913335527,0.026824615826671054,2.896689745424813e-05,4.0000000000000105e-05,0.00019154573791277507,0.0055962852274445245,0.004427616084894069,0.007507398997113739,-0.007507398997113739,-0.007492902134823565,-0.007476401799399185,-0.005262346356390111,-0.004173411507711082,0.0074409035483564406,0.05859375,1024
01029,/home/gpuserver/hx/github/SRSA_restore/data/mesh/01029/plug.obj,/home/gpuserver/hx/github/SRSA_restore/data/mesh/01029/socket.obj,2434,4864,-0.004195,-0.004195,0.0,0.004195,0.004195,0.055931,0.00839,0.00839,0.055931,0.00839,0.00839,0.011865251788310268,7.039209999999999e-05,0.00946710121193135,0.003700619026053498,0.004195201544622141,0.004195282112087339,2736,5472,-0.006991,-0.026572,0.0,0.006991,0.026581,0.030429,0.013982,0.053153,0.030429,0.013982,0.053153,0.05496123845948161,0.0007431852459999999,0.030761223062013152,0.01396847359659138,0.026363780569939484,0.02778030055551535,0.044763,0.005592,0.021294121850081803,0.022168579025317343,0.044337158050634685,0.00042472884754774274,0.0004493979785720321,0.00047592436090952467,0.007648331564150335,0.008948610495206434,0.025852600083100457,-0.025852600083100457,-0.0256267779932727,-0.024562253063307355,-0.007648331564150335,-0.008905540163546952,0.0006744660235430632,0.0419921875,1024
01036,/home/gpuserver/hx/github/SRSA_restore/data/mesh/01036/plug.obj,/home/gpuserver/hx/github/SRSA_restore/data/mesh/01036/socket.obj,7298,14592,-0.006187,-0.007144,3.5e-05,0.006187,0.007144,0.046633,0.012374,0.014288,0.046598,0.012374,0.014288,0.0189013973028451,0.000176799712,0.015003612392227009,0.0027352150683131056,0.006263793157131944,0.00720768926104356,3920,7840,-0.018634,-0.01846,0.0,0.018275,0.01846,0.01036,0.036909,0.03692,0.01036,0.036909,0.03692,0.052204987127668176,0.00136268028,0.04165355230141583,0.01623613347119248,0.018466452942646597,0.01847112320233776,0.022632,0.024534999999999998,0.026649939909188826,0.012202659785514654,0.02440531957102931,3.5999999999999574e-05,3.5999999999999574e-05,3.5999999999999574e-05,0.002923302576831279,0.008976268236947301,0.03691332966613128,-0.03691332966613128,-0.03652808050230492,-0.03264583943966816,-0.002923302576831279,-0.008956672004191764,0.001952068768286033,0.01171875,1024
01041,/home/gpuserver/hx/github/SRSA_restore/data/mesh/01041/plug.obj,/home/gpuserver/hx/github/SRSA_restore/data/mesh/01041/socket.obj,4659,5120,-0.003377,-0.003292,0.0,0.003377,0.003292,0.032954,0.006754,0.006584,0.032954,0.006584,0.006754,0.00943215627521088,4.4468335999999994e-05,0.007524549414002824,0.003109206378636842,0.003529179215379797,0.00358745061839464,6080,12160,-0.011655,-0.011664,0.0,0.011653,0.011622,0.009014,0.023308000000000002,0.023286,0.009014,0.023286,0.023308000000000002,0.03294693703517825,0.0005427500880000001,0.026287846525535136,0.010184268683138044,0.01166416810680768,0.011666516035197803,0.016554000000000003,0.016702,0.018763297111532313,0.008134988891427882,0.016269977782855764,0.0004626883784405653,0.000479817491530315,0.0005043554596781239,0.008255456031923038,0.00947697666133779,0.024203399088686652,-0.024203399088686652,-0.02404028609937691,-0.023825022101966405,-0.008255456031923038,-0.009474885332732549,0.0005368087940711416,0.001953125,1024
01053,/home/gpuserver/hx/github/SRSA_restore/data/mesh/01053/plug.obj,/home/gpuserver/hx/github/SRSA_restore/data/mesh/01053/socket.obj,3388,6784,-0.026311,-0.007802,0.0136,0.007724,0.007802,0.057403,0.034035,0.015604,0.043803,0.015604,0.034035,0.03744150158580716,0.0005310821400000001,0.02600374554079808,0.009695511159725733,0.017844472282552412,0.020072212551343203,3522,7040,-0.052924,-0.012513,-3e-05,0.005639,0.012516,0.035356,0.058563,0.025029,0.035386,0.025029,0.058563,0.06368732848848348,0.0014657733269999999,0.04320046948303253,0.01947058681757695,0.030077344947258142,0.03276189520891153,0.024527999999999994,0.009425,0.017196723942234447,0.01223287266470573,0.02446574532941146,0.00014599999999999856,0.00014599999999999856,0.00044471952054375415,0.010389177167727907,0.011349558055310204,0.03180765414322103,-0.03180765414322103,-0.02942187394097692,-0.025315764116081906,-0.010389177167727907,-0.01132947467874636,0.004645614643078689,0.00390625,1024
01079,/home/gpuserver/hx/github/SRSA_restore/data/mesh/01079/plug.obj,/home/gpuserver/hx/github/SRSA_restore/data/mesh/01079/socket.obj,2146,4288,-0.003956,-0.003939,0.008438,0.003889,0.003939,0.04372,0.007845000000000001,0.007878,0.035282,0.007845000000000001,0.007878,0.011117864408239562,6.180291000000001e-05,0.008870733283765682,0.0028959215993331062,0.004011560816066235,0.0040817936548797566,5070,10144,-0.017247,-0.010638,2e-06,0.017251,0.00827,0.020568,0.034498,0.018908,0.020566,0.018908,0.034498,0.03933985851525142,0.000652288184,0.028818728466611536,0.009145097754752468,0.01779431910615728,0.019731638639546776,0.02662,0.011063,0.019947995182845853,0.013782758290091044,0.027565516580182088,0.00012668967085379724,0.00043286375655568487,0.0004983690607799061,0.007863056325342527,0.009273047141252952,0.023336309690874073,-0.023336309690874073,-0.02318902152126718,-0.023147544795585052,-0.007863056325342527,-0.009154378363981683,0.0010884188132499414,0.1103515625,1024
01092,/home/gpuserver/hx/github/SRSA_restore/data/mesh/01092/plug.obj,/home/gpuserver/hx/github/SRSA_restore/data/mesh/01092/socket.obj,2530,5056,-0.004697,-0.004758,0.004795,0.004779,0.004758,0.041928,0.009476,0.009516,0.037133,0.009476,0.009516,0.013429401773720227,9.0173616e-05,0.010715064805355279,0.003909078767671365,0.004822304400247714,0.004910378952776838,3042,6080,-0.008043,-0.008039,2e-06,0.008045,0.008041,0.017456,0.016087999999999998,0.016079999999999997,0.017454,0.016079999999999997,0.016087999999999998,0.022746211640622706,0.0002586950399999999,0.018148849962321155,0.006461641357419121,0.008093795576716151,0.008110348128249756,0.006571999999999998,0.006603999999999997,0.007433785156965876,0.0032714911764684376,0.006542982352936875,2.244776239688074e-05,7.599857587799175e-05,0.00044302347657545577,0.006777964615779996,0.00916911013345335,0.02481876758914511,-0.02481876758914511,-0.02459660733741574,-0.02447324496979557,-0.006777964615779996,-0.009080632889691964,0.004030028727187868,0.076171875,1024
01102,/home/gpuserver/hx/github/SRSA_restore/data/mesh/01102/plug.obj,/home/gpuserver/hx/github/SRSA_restore/data/mesh/01102/socket.obj,2754,5504,-0.006358,-0.006396,0.001509,0.006433,0.006396,0.046157,0.012791,0.012792,0.04464799999999999,0.012791,0.012792,0.0180899127969153,0.000163622472,0.0144336621048756,0.005302861203312069,0.0063983198943807825,0.006398740461664167,5186,10368,-0.006396,-0.006348,1e-06,0.006375,0.006398,0.014562,0.012771,0.012746,0.014561000000000001,0.012746,0.012771,0.018043252395286168,0.000162779166,0.014396418693904726,0.005487447379546546,0.0069163118746865294,0.006968872958326002,-2.1000000000000185e-05,-4.49999999999999e-05,-3.7243410970872956e-05,0.0005179919803057469,0.0010359839606114939,2.6036235567603048e-05,3.061616484034811e-05,5.5096862470764134e-05,0.010126288609389742,0.012002002714560268,0.031680355095512064,-0.031680355095512064,-0.031517319207733464,-0.027823576184293656,-0.010126288609389742,-0.011976620246028635,0.00052264877665971,0.0361328125,1024
01125,/home/gpuserver/hx/github/SRSA_restore/data/mesh/01125/plug.obj,/home/gpuserver/hx/github/SRSA_restore/data/mesh/01125/socket.obj,6338,12672,-0.003438,-0.003419,1e-06,0.003363,0.003419,0.028617,0.006801,0.006838,0.028616,0.006801,0.006838,0.0096442648760805,4.6505238e-05,0.007694953414993517,0.0026540875282645873,0.003887358666732253,0.0040490180241591865,2884,5768,-0.007041,-0.007041,2e-06,0.007041,0.007041,0.007108,0.014082,0.014082,0.0071059999999999995,0.014082,0.014082,0.019914955385337926,0.00019830272400000003,0.015889835431039008,0.00538539027618244,0.007040372870701737,0.007041498539029641,0.0072440000000000004,0.007281000000000001,0.008194882016045492,0.003153014203969484,0.006306028407938968,0.000322659445931702,0.00043795281812227167,0.000566341587392362,0.007848559696187161,0.008956433414319488,0.021731966732243268,-0.021731966732243268,-0.02163189500741915,-0.021511818097196843,-0.007848559696187161,-0.008912341870927522,0.0007534536008580535,0.03515625,1024
01129,/home/gpuserver/hx/github/SRSA_restore/data/mesh/01129/plug.obj,/home/gpuserver/hx/github/SRSA_restore/data/mesh/01129/socket.obj,7488,14976,-0.00495,-0.00495,0.005622,0.00495,0.00495,0.055952,0.0099,0.0099,0.05033,0.0099,0.0099,0.014000714267493643,9.801000000000002e-05,0.011170953754245575,0.004272672611966464,0.004986310707732875,0.005009447940344619,3374,6744,-0.025392,-0.025424,0.0,0.025203,0.025312,0.015082,0.050595,0.050736,0.015082,0.050595,0.050736,0.07165190661105955,0.0025669879200000004,0.05716983934384863,0.016312614925344734,0.025219361497170748,0.026524586521554382,0.040836000000000004,0.040695,0.04599888558960306,0.02023305078943787,0.04046610157887574,0.00015300000000000036,0.00015300000000000036,0.0004406149878190463,0.020835088705470656,0.020695842509960774,0.044572900008082166,-0.044572900008082166,-0.04435677979885402,-0.043351755733034715,-0.020835088705470656,-0.02063959118779049,0.0008108373134748839,0.0478515625,1024
01132,/home/gpuserver/hx/github/SRSA_restore/data/mesh/01132/plug.obj,/home/gpuserver/hx/github/SRSA_restore/data/mesh/01132/socket.obj,2434,4864,-0.004498,-0.004498,0.0,0.004498,0.004498,0.096459,0.008996,0.008996,0.096459,0.008996,0.008996,0.012722265207108363,8.092801600000001e-05,0.010150898987191232,0.003967912224307808,0.004498117050500131,0.00449815339889604,2686,5376,-0.00947,-0.009437,0.0,0.00947,0.04738,0.056817,0.01894,0.056817,0.056817,0.01894,0.056817,0.05989069284120864,0.0010761139799999998,0.03701554908384237,0.00856922855401532,0.010650313968163207,0.046373888586435735,0.047821,0.009943999999999998,0.026864650096651142,0.006152196917663076,0.012304393835326152,0.00037939387694611116,0.0003946419277329,0.00042164383210426307,0.004089867866411157,0.01002471531863082,0.039855354359567455,-0.039855354359567455,-0.03971231866248006,-0.036956609362466794,-0.003656484375681068,-0.009857309758488149,0.006328804866348875,0.0390625,1024
01136,/home/gpuserver/hx/github/SRSA_restore/data/mesh/01136/plug.obj,/home/gpuserver/hx/github/SRSA_restore/data/mesh/01136/socket.obj,4994,9984,-0.006411,-0.006411,0.0,0.006411,0.006411,0.052964,0.012822,0.012822,0.052964,0.012822,0.012822,0.018133046296747824,0.000164403684,0.014468077680498662,0.005581153622360725,0.006915130779319395,0.006972363133303624,4064,8128,-0.011985,-0.012012,0.0,0.012021,0.012012,0.011219,0.024006,0.024024,0.011219,0.024006,0.024024,0.03396234108538456,0.000576720144,0.02709802379484817,0.009815231141559353,0.0120202999230456,0.01202125507804353,0.011202,0.011184,0.012629946114349507,0.005105169143726205,0.01021033828745241,0.0004622846070565958,0.0004733953010237665,0.000498361489166188,0.013178401198683092,0.015205287464673088,0.0422593205827827,-0.0422593205827827,-0.04195163569387339,-0.03922794468880624,-0.013178401198683092,-0.015190468232391542,0.0005325370531180404,0.0146484375,1024
